200 200
100 100 100 100 100 100 100 100 100 100 100 100 100 100 100 100 100 100 100 100 100 100 100 100 100 100 100 100 100 100 100 100 100 100 100 100 100 100 100 100 100 100 100 100 100 100 100 100 100 100 100 100 100 100 100 100 100 100 100 100 100 100 100 100 100 100 100 100 100 100 100 100 100 100 100 100 100 100 100 100 100 100 100 100 100 100 100 100 100 100 100 100 100 100 100 100 100 100 100 100 100 100 100 100 100 100 100 100 100 100 100 100 100 100 100 100 100 100 100 100 100 100 100 100 100 100 100 100 100 100 100 100 100 100 100 100 100 100 100 100 100 100 100 100 100 100 100 100 100 100 100 100 100 100 100 100 100 100 100 100 100 100 100 100 100 100 100 100 100 100 100 100 100 100 100 100 100 100 100 100 100 100 100 100 100 100 100 100 100 100 100 100 100 100 100 100 100 100 100 100
50 74.31 83.5132 87.5017 89.4163 90.391 90.8943 91.1443 91.2542 91.286 91.2766 91.2471 91.2104 91.1734 91.1401 91.1118 91.0892 91.0715 91.0584 91.0488 91.0421 91.0374 91.0343 91.0322 91.0309 91.0301 91.0296 91.0293 91.0291 91.029 91.0289 91.0289 91.0289 91.0289 91.0289 91.0289 91.0289 91.0289 91.0289 91.0289 91.0289 91.0289 91.0289 91.0289 91.0289 91.0289 91.0289 91.0289 91.0289 91.0289 91.0289 91.0289 91.0289 91.0289 91.0289 91.0289 91.0289 91.0289 91.0289 91.0289 91.0289 91.0289 91.0289 91.0289 91.0289 91.0289 91.0289 91.0289 91.0289 91.0289 91.0289 91.0289 91.0289 91.0289 91.0289 91.0289 91.0289 91.0289 91.0289 91.0289 91.0289 91.0289 91.0289 91.0289 91.0289 91.0289 91.0289 91.0289 91.0289 91.0289 91.0289 91.0289 91.0289 91.0289 91.0289 91.0289 91.0289 91.0289 91.0289 91.0289 91.0289 91.0289 91.0289 91.0289 91.0289 91.0289 91.0289 91.0289 91.0289 91.0289 91.0289 91.0289 91.0289 91.0289 91.0289 91.0289 91.0289 91.0289 91.0289 91.0289 91.0289 91.0289 91.0289 91.0289 91.0289 91.0289 91.0289 91.0289 91.0289 91.0289 91.0289 91.0289 91.0289 91.0289 91.0289 91.0289 91.0289 91.0289 91.0289 91.0289 91.0289 91.0289 91.0289 91.0289 91.0289 91.0289 91.0289 91.0289 91.0289 91.0289 91.0289 91.0289 91.0289 91.0289 91.0289 91.0289 91.0289 91.0289 91.0289 91.0289 91.0289 91.0289 91.0289 91.0289 91.0289 91.0289 91.0289 91.0289 91.0289 91.0289 91.029 91.0291 91.0293 91.0296 91.0301 91.0309 91.0322 91.0343 91.0374 91.0421 91.0488 91.0584 91.0715 91.0892 91.1118 91.1401 91.1734 91.2104 91.2471 91.2766 91.286 91.2542 91.1443 90.8943 90.391 89.4163 87.5017 83.5132 74.31 50
50 63.754 72.2938 77.1554 79.8722 81.3735 82.178 82.5797 82.7472 82.7833 82.7483 82.6807 82.602 82.5255 82.4571 82.4001 82.3542 82.319 82.2925 82.2735 82.2599 82.2507 82.2444 82.2403 82.2377 82.2361 82.2351 82.2345 82.2341 82.2339 82.2338 82.2337 82.2337 82.2337 82.2337 82.2337 82.2337 82.2337 82.2337 82.2337 82.2337 82.2337 82.2337 82.2337 82.2337 82.2337 82.2337 82.2337 82.2337 82.2337 82.2337 82.2337 82.2337 82.2337 82.2337 82.2337 82.2337 82.2337 82.2337 82.2337 82.2337 82.2337 82.2337 82.2337 82.2337 82.2337 82.2337 82.2337 82.2337 82.2337 82.2337 82.2337 82.2337 82.2337 82.2337 82.2337 82.2337 82.2337 82.2337 82.2337 82.2337 82.2337 82.2337 82.2337 82.2337 82.2337 82.2337 82.2337 82.2337 82.2337 82.2337 82.2337 82.2337 82.2337 82.2337 82.2337 82.2337 82.2337 82.2337 82.2337 82.2337 82.2337 82.2337 82.2337 82.2337 82.2337 82.2337 82.2337 82.2337 82.2337 82.2337 82.2337 82.2337 82.2337 82.2337 82.2337 82.2337 82.2337 82.2337 82.2337 82.2337 82.2337 82.2337 82.2337 82.2337 82.2337 82.2337 82.2337 82.2337 82.2337 82.2337 82.2337 82.2337 82.2337 82.2337 82.2337 82.2337 82.2337 82.2337 82.2337 82.2337 82.2337 82.2337 82.2337 82.2337 82.2337 82.2337 82.2337 82.2337 82.2337 82.2337 82.2337 82.2337 82.2337 82.2337 82.2337 82.2337 82.2337 82.2337 82.2337 82.2337 82.2337 82.2337 82.2337 82.2337 82.2337 82.2337 82.2337 82.2337 82.2338 82.2339 82.2341 82.2345 82.2351 82.2361 82.2377 82.2403 82.2444 82.2507 82.2599 82.2735 82.2925 82.319 82.3542 82.4001 82.4571 82.5255 82.602 82.6807 82.7483 82.7833 82.7472 82.5797 82.178 81.3735 79.8722 77.1554 72.2938 63.754 50
50 58.4647 64.8565 69.1048 71.7398 73.2856 74.1323 74.5415 74.6875 74.6809 74.595 74.4734 74.3448 74.2234 74.1179 74.0302 73.9609 73.9075 73.868 73.8393 73.8192 73.8053 73.796 73.7899 73.786 73.7836 73.7821 73.7812 73.7807 73.7804 73.7802 73.7801 73.78 73.78 73.78 73.78 73.78 73.78 73.78 73.78 73.78 73.78 73.78 73.78 73.78 73.78 73.78 73.78 73.78 73.78 73.78 73.78 73.78 73.78 73.78 73.78 73.78 73.78 73.78 73.78 73.78 73.78 73.78 73.78 73.78 73.78 73.78 73.78 73.78 73.78 73.78 73.78 73.78 73.78 73.78 73.78 73.78 73.78 73.78 73.78 73.78 73.78 73.78 73.78 73.78 73.78 73.78 73.78 73.78 73.78 73.78 73.78 73.78 73.78 73.78 73.78 73.78 73.78 73.78 73.78 73.78 73.78 73.78 73.78 73.78 73.78 73.78 73.78 73.78 73.78 73.78 73.78 73.78 73.78 73.78 73.78 73.78 73.78 73.78 73.78 73.78 73.78 73.78 73.78 73.78 73.78 73.78 73.78 73.78 73.78 73.78 73.78 73.78 73.78 73.78 73.78 73.78 73.78 73.78 73.78 73.78 73.78 73.78 73.78 73.78 73.78 73.78 73.78 73.78 73.78 73.78 73.78 73.78 73.78 73.78 73.78 73.78 73.78 73.78 73.78 73.78 73.78 73.78 73.78 73.78 73.78 73.78 73.78 73.7801 73.7802 73.7804 73.7807 73.7812 73.7821 73.7836 73.786 73.7899 73.796 73.8053 73.8192 73.8393 73.868 73.9075 73.9609 74.0302 74.1179 74.2234 74.3448 74.4734 74.595 74.6809 74.6875 74.5415 74.1323 73.2856 71.7398 69.1048 64.8565 58.4647 50
50 55.3243 59.7112 62.8868 64.9766 66.2349 66.9061 67.1902 67.2313 67.1341 66.9663 66.7747 66.585 66.4141 66.2677 66.1487 66.0547 65.9834 65.9305 65.8924 65.8656 65.8474 65.8351 65.8271 65.8219 65.8187 65.8168 65.8156 65.8149 65.8145 65.8143 65.8142 65.8141 65.8141 65.8141 65.8141 65.8141 65.8141 65.8141 65.8141 65.8141 65.8141 65.8141 65.8141 65.8141 65.8141 65.8141 65.8141 65.8141 65.8141 65.8141 65.8141 65.8141 65.8141 65.8141 65.8141 65.8141 65.8141 65.8141 65.8141 65.8141 65.8141 65.8141 65.8141 65.8141 65.8141 65.8141 65.8141 65.8141 65.8141 65.8141 65.8141 65.8141 65.8141 65.8141 65.8141 65.8141 65.8141 65.8141 65.8141 65.8141 65.8141 65.8141 65.8141 65.8141 65.8141 65.8141 65.8141 65.8141 65.8141 65.8141 65.8141 65.8141 65.8141 65.8141 65.8141 65.8141 65.8141 65.8141 65.8141 65.8141 65.8141 65.8141 65.8141 65.8141 65.8141 65.8141 65.8141 65.8141 65.8141 65.8141 65.8141 65.8141 65.8141 65.8141 65.8141 65.8141 65.8141 65.8141 65.8141 65.8141 65.8141 65.8141 65.8141 65.8141 65.8141 65.8141 65.8141 65.8141 65.8141 65.8141 65.8141 65.8141 65.8141 65.8141 65.8141 65.8141 65.8141 65.8141 65.8141 65.8141 65.8141 65.8141 65.8141 65.8141 65.8141 65.8141 65.8141 65.8141 65.8141 65.8141 65.8141 65.8141 65.8141 65.8141 65.8141 65.8141 65.8141 65.8141 65.8141 65.8141 65.8141 65.8141 65.8141 65.8141 65.8141 65.8141 65.8141 65.8142 65.8143 65.8145 65.8149 65.8156 65.8168 65.8187 65.8219 65.8271 65.8351 65.8474 65.8656 65.8924 65.9305 65.9834 66.0547 66.1487 66.2677 66.4141 66.585 66.7747 66.9663 67.1341 67.2313 67.1902 66.9061 66.2349 64.9766 62.8868 59.7112 55.3243 50
50 53.2164 55.9665 58.0286 59.401 60.1934 60.552 60.6109 60.4836 60.2522 59.9784 59.6994 59.4411 59.2144 59.0256 58.8731 58.7548 58.665 58.5991 58.5517 58.5186 58.4959 58.4809 58.471 58.4647 58.4607 58.4584 58.4569 58.4561 58.4556 58.4553 58.4552 58.4551 58.4551 58.4551 58.455 58.455 58.455 58.455 58.455 58.455 58.455 58.455 58.455 58.455 58.455 58.455 58.455 58.455 58.455 58.455 58.455 58.455 58.455 58.455 58.455 58.455 58.455 58.455 58.455 58.455 58.455 58.455 58.455 58.455 58.455 58.455 58.455 58.455 58.455 58.455 58.455 58.455 58.455 58.455 58.455 58.455 58.455 58.455 58.455 58.455 58.455 58.455 58.455 58.455 58.455 58.455 58.455 58.455 58.455 58.455 58.455 58.455 58.455 58.455 58.455 58.455 58.455 58.455 58.455 58.455 58.455 58.455 58.455 58.455 58.455 58.455 58.455 58.455 58.455 58.455 58.455 58.455 58.455 58.455 58.455 58.455 58.455 58.455 58.455 58.455 58.455 58.455 58.455 58.455 58.455 58.455 58.455 58.455 58.455 58.455 58.455 58.455 58.455 58.455 58.455 58.455 58.455 58.455 58.455 58.455 58.455 58.455 58.455 58.455 58.455 58.455 58.455 58.455 58.455 58.455 58.455 58.455 58.455 58.455 58.455 58.455 58.455 58.455 58.455 58.455 58.455 58.455 58.455 58.455 58.4551 58.4551 58.4551 58.4552 58.4553 58.4556 58.4561 58.4569 58.4584 58.4607 58.4647 58.471 58.4809 58.4959 58.5186 58.5517 58.5991 58.665 58.7548 58.8731 59.0256 59.2144 59.4411 59.6994 59.9784 60.2522 60.4836 60.6109 60.552 60.1934 59.401 58.0286 55.9665 53.2164 50
50 51.6867 53.1283 54.182 54.8163 55.0808 55.0568 54.8363 54.497 54.1052 53.7049 53.3293 52.9943 52.7098 52.4758 52.2904 52.1469 52.0395 51.9606 51.9044 51.8651 51.8384 51.8205 51.809 51.8015 51.797 51.7941 51.7925 51.7915 51.7909 51.7906 51.7904 51.7904 51.7903 51.7903 51.7903 51.7903 51.7903 51.7903 51.7903 51.7903 51.7903 51.7903 51.7903 51.7903 51.7903 51.7903 51.7903 51.7903 51.7903 51.7903 51.7903 51.7903 51.7903 51.7903 51.7903 51.7903 51.7903 51.7903 51.7903 51.7903 51.7903 51.7903 51.7903 51.7903 51.7903 51.7903 51.7903 51.7903 51.7903 51.7903 51.7903 51.7903 51.7903 51.7903 51.7903 51.7903 51.7903 51.7903 51.7903 51.7903 51.7903 51.7903 51.7903 51.7903 51.7903 51.7903 51.7903 51.7903 51.7903 51.7903 51.7903 51.7903 51.7903 51.7903 51.7903 51.7903 51.7903 51.7903 51.7903 51.7903 51.7903 51.7903 51.7903 51.7903 51.7903 51.7903 51.7903 51.7903 51.7903 51.7903 51.7903 51.7903 51.7903 51.7903 51.7903 51.7903 51.7903 51.7903 51.7903 51.7903 51.7903 51.7903 51.7903 51.7903 51.7903 51.7903 51.7903 51.7903 51.7903 51.7903 51.7903 51.7903 51.7903 51.7903 51.7903 51.7903 51.7903 51.7903 51.7903 51.7903 51.7903 51.7903 51.7903 51.7903 51.7903 51.7903 51.7903 51.7903 51.7903 51.7903 51.7903 51.7903 51.7903 51.7903 51.7903 51.7903 51.7903 51.7903 51.7903 51.7903 51.7903 51.7903 51.7903 51.7903 51.7903 51.7903 51.7904 51.7904 51.7906 51.7909 51.7915 51.7925 51.7941 51.797 51.8015 51.809 51.8205 51.8384 51.8651 51.9044 51.9606 52.0395 52.1469 52.2904 52.4758 52.7098 52.9943 53.3293 53.7049 54.1052 54.497 54.8363 55.0568 55.0808 54.8163 54.182 53.1283 51.6867 50
50 50.5244 50.9211 51.1063 51.0577 50.7971 50.377 49.8543 49.2873 48.7192 48.1858 47.7061 47.2933 46.9485 46.6704 46.4513 46.2841 46.159 46.0681 46.0033 45.9583 45.9277 45.9074 45.8941 45.8857 45.8805 45.8773 45.8754 45.8743 45.8737 45.8733 45.8732 45.8731 45.873 45.873 45.873 45.8729 45.8729 45.8729 45.8729 45.8729 45.8729 45.8729 45.8729 45.8729 45.8729 45.8729 45.8729 45.8729 45.8729 45.8729 45.8729 45.8729 45.8729 45.8729 45.8729 45.8729 45.8729 45.8729 45.8729 45.8729 45.8729 45.8729 45.8729 45.8729 45.8729 45.8729 45.8729 45.8729 45.8729 45.8729 45.8729 45.8729 45.8729 45.8729 45.8729 45.8729 45.8729 45.8729 45.8729 45.8729 45.8729 45.8729 45.8729 45.8729 45.8729 45.8729 45.8729 45.8729 45.8729 45.8729 45.8729 45.8729 45.8729 45.8729 45.8729 45.8729 45.8729 45.8729 45.8729 45.8729 45.8729 45.8729 45.8729 45.8729 45.8729 45.8729 45.8729 45.8729 45.8729 45.8729 45.8729 45.8729 45.8729 45.8729 45.8729 45.8729 45.8729 45.8729 45.8729 45.8729 45.8729 45.8729 45.8729 45.8729 45.8729 45.8729 45.8729 45.8729 45.8729 45.8729 45.8729 45.8729 45.8729 45.8729 45.8729 45.8729 45.8729 45.8729 45.8729 45.8729 45.8729 45.8729 45.8729 45.8729 45.8729 45.8729 45.8729 45.8729 45.8729 45.8729 45.8729 45.8729 45.8729 45.8729 45.8729 45.8729 45.8729 45.8729 45.8729 45.8729 45.8729 45.8729 45.8729 45.873 45.873 45.873 45.8731 45.8732 45.8733 45.8737 45.8743 45.8754 45.8773 45.8805 45.8857 45.8941 45.9074 45.9277 45.9583 46.0033 46.0681 46.159 46.2841 46.4513 46.6704 46.9485 47.2933 47.7061 48.1858 48.7192 49.2873 49.8543 50.377 50.7971 51.0577 51.1063 50.9211 50.5244 50
50 49.6205 49.1798 48.6394 47.9887 47.247 46.4466 45.6303 44.8341 44.0917 43.4226 42.8412 42.3497 41.9473 41.6251 41.3748 41.1842 41.0431 40.9405 40.868 40.8176 40.7835 40.7608 40.7462 40.7368 40.731 40.7275 40.7254 40.7242 40.7235 40.7231 40.7229 40.7228 40.7227 40.7227 40.7227 40.7227 40.7227 40.7227 40.7227 40.7227 40.7227 40.7227 40.7227 40.7227 40.7227 40.7227 40.7227 40.7227 40.7227 40.7227 40.7227 40.7227 40.7227 40.7227 40.7227 40.7227 40.7227 40.7227 40.7227 40.7227 40.7227 40.7227 40.7227 40.7227 40.7227 40.7227 40.7227 40.7227 40.7227 40.7227 40.7227 40.7227 40.7227 40.7227 40.7227 40.7227 40.7227 40.7227 40.7227 40.7227 40.7227 40.7227 40.7227 40.7227 40.7227 40.7227 40.7227 40.7227 40.7227 40.7227 40.7227 40.7227 40.7227 40.7227 40.7227 40.7227 40.7227 40.7227 40.7227 40.7227 40.7227 40.7227 40.7227 40.7227 40.7227 40.7227 40.7227 40.7227 40.7227 40.7227 40.7227 40.7227 40.7227 40.7227 40.7227 40.7227 40.7227 40.7227 40.7227 40.7227 40.7227 40.7227 40.7227 40.7227 40.7227 40.7227 40.7227 40.7227 40.7227 40.7227 40.7227 40.7227 40.7227 40.7227 40.7227 40.7227 40.7227 40.7227 40.7227 40.7227 40.7227 40.7227 40.7227 40.7227 40.7227 40.7227 40.7227 40.7227 40.7227 40.7227 40.7227 40.7227 40.7227 40.7227 40.7227 40.7227 40.7227 40.7227 40.7227 40.7227 40.7227 40.7227 40.7227 40.7227 40.7227 40.7227 40.7228 40.7229 40.7231 40.7235 40.7242 40.7254 40.7275 40.731 40.7368 40.7462 40.7608 40.7835 40.8176 40.868 40.9405 41.0431 41.1842 41.3748 41.6251 41.9473 42.3497 42.8412 43.4226 44.0917 44.8341 45.6303 46.4466 47.247 47.9887 48.6394 49.1798 49.6205 50
50 48.9101 47.8011 46.663 45.5024 44.3367 43.1954 42.106 41.0976 40.1882 39.3924 38.7126 38.1484 37.6901 37.328 37.0475 36.8361 36.6796 36.5668 36.4869 36.4319 36.3945 36.3699 36.3539 36.3438 36.3375 36.3337 36.3314 36.3301 36.3293 36.3289 36.3287 36.3286 36.3285 36.3285 36.3284 36.3284 36.3284 36.3284 36.3284 36.3284 36.3284 36.3284 36.3284 36.3284 36.3284 36.3284 36.3284 36.3284 36.3284 36.3284 36.3284 36.3284 36.3284 36.3284 36.3284 36.3284 36.3284 36.3284 36.3284 36.3284 36.3284 36.3284 36.3284 36.3284 36.3284 36.3284 36.3284 36.3284 36.3284 36.3284 36.3284 36.3284 36.3284 36.3284 36.3284 36.3284 36.3284 36.3284 36.3284 36.3284 36.3284 36.3284 36.3284 36.3284 36.3284 36.3284 36.3284 36.3284 36.3284 36.3284 36.3284 36.3284 36.3284 36.3284 36.3284 36.3284 36.3284 36.3284 36.3284 36.3284 36.3284 36.3284 36.3284 36.3284 36.3284 36.3284 36.3284 36.3284 36.3284 36.3284 36.3284 36.3284 36.3284 36.3284 36.3284 36.3284 36.3284 36.3284 36.3284 36.3284 36.3284 36.3284 36.3284 36.3284 36.3284 36.3284 36.3284 36.3284 36.3284 36.3284 36.3284 36.3284 36.3284 36.3284 36.3284 36.3284 36.3284 36.3284 36.3284 36.3284 36.3284 36.3284 36.3284 36.3284 36.3284 36.3284 36.3284 36.3284 36.3284 36.3284 36.3284 36.3284 36.3284 36.3284 36.3284 36.3284 36.3284 36.3284 36.3284 36.3284 36.3284 36.3284 36.3284 36.3284 36.3285 36.3285 36.3286 36.3287 36.3289 36.3293 36.3301 36.3314 36.3337 36.3375 36.3438 36.3539 36.3699 36.3945 36.4319 36.4869 36.5668 36.6796 36.8361 37.0475 37.328 37.6901 38.1484 38.7126 39.3924 40.1882 41.0976 42.106 43.1954 44.3367 45.5024 46.663 47.8011 48.9101 50
50 48.3519 46.7112 45.0903 43.506 41.983 40.5446 39.2167 38.0165 36.9585 36.0458 35.2783 34.6462 34.1386 33.7391 33.4324 33.2015 33.0318 32.9095 32.8235 32.7641 32.724 32.6975 32.6804 32.6696 32.6629 32.6588 32.6564 32.655 32.6542 32.6537 32.6535 32.6534 32.6533 32.6533 32.6532 32.6532 32.6532 32.6532 32.6532 32.6532 32.6532 32.6532 32.6532 32.6532 32.6532 32.6532 32.6532 32.6532 32.6532 32.6532 32.6532 32.6532 32.6532 32.6532 32.6532 32.6532 32.6532 32.6532 32.6532 32.6532 32.6532 32.6532 32.6532 32.6532 32.6532 32.6532 32.6532 32.6532 32.6532 32.6532 32.6532 32.6532 32.6532 32.6532 32.6532 32.6532 32.6532 32.6532 32.6532 32.6532 32.6532 32.6532 32.6532 32.6532 32.6532 32.6532 32.6532 32.6532 32.6532 32.6532 32.6532 32.6532 32.6532 32.6532 32.6532 32.6532 32.6532 32.6532 32.6532 32.6532 32.6532 32.6532 32.6532 32.6532 32.6532 32.6532 32.6532 32.6532 32.6532 32.6532 32.6532 32.6532 32.6532 32.6532 32.6532 32.6532 32.6532 32.6532 32.6532 32.6532 32.6532 32.6532 32.6532 32.6532 32.6532 32.6532 32.6532 32.6532 32.6532 32.6532 32.6532 32.6532 32.6532 32.6532 32.6532 32.6532 32.6532 32.6532 32.6532 32.6532 32.6532 32.6532 32.6532 32.6532 32.6532 32.6532 32.6532 32.6532 32.6532 32.6532 32.6532 32.6532 32.6532 32.6532 32.6532 32.6532 32.6532 32.6532 32.6532 32.6532 32.6532 32.6532 32.6532 32.6532 32.6533 32.6533 32.6534 32.6535 32.6537 32.6542 32.655 32.6564 32.6588 32.6629 32.6696 32.6804 32.6975 32.724 32.7641 32.8235 32.9095 33.0318 33.2015 33.4324 33.7391 34.1386 34.6462 35.2783 36.0458 36.9585 38.0165 39.2167 40.5446 41.983 43.506 45.0903 46.7112 48.3519 50
50 47.9153 45.8566 43.8497 41.9235 40.1042 38.4188 36.8864 35.5232 34.3345 33.3215 32.4754 31.7852 31.233 30.8017 30.4712 30.2239 30.0423 29.9121 29.8204 29.7575 29.715 29.687 29.6689 29.6574 29.6504 29.6461 29.6435 29.6421 29.6412 29.6408 29.6405 29.6404 29.6403 29.6403 29.6402 29.6402 29.6402 29.6402 29.6402 29.6402 29.6402 29.6402 29.6402 29.6402 29.6402 29.6402 29.6402 29.6402 29.6402 29.6402 29.6402 29.6402 29.6402 29.6402 29.6402 29.6402 29.6402 29.6402 29.6402 29.6402 29.6402 29.6402 29.6402 29.6402 29.6402 29.6402 29.6402 29.6402 29.6402 29.6402 29.6402 29.6402 29.6402 29.6402 29.6402 29.6402 29.6402 29.6402 29.6402 29.6402 29.6402 29.6402 29.6402 29.6402 29.6402 29.6402 29.6402 29.6402 29.6402 29.6402 29.6402 29.6402 29.6402 29.6402 29.6402 29.6402 29.6402 29.6402 29.6402 29.6402 29.6402 29.6402 29.6402 29.6402 29.6402 29.6402 29.6402 29.6402 29.6402 29.6402 29.6402 29.6402 29.6402 29.6402 29.6402 29.6402 29.6402 29.6402 29.6402 29.6402 29.6402 29.6402 29.6402 29.6402 29.6402 29.6402 29.6402 29.6402 29.6402 29.6402 29.6402 29.6402 29.6402 29.6402 29.6402 29.6402 29.6402 29.6402 29.6402 29.6402 29.6402 29.6402 29.6402 29.6402 29.6402 29.6402 29.6402 29.6402 29.6402 29.6402 29.6402 29.6402 29.6402 29.6402 29.6402 29.6402 29.6402 29.6402 29.6402 29.6402 29.6402 29.6402 29.6402 29.6402 29.6403 29.6403 29.6404 29.6405 29.6408 29.6412 29.6421 29.6435 29.6461 29.6504 29.6574 29.6689 29.687 29.715 29.7575 29.8204 29.9121 30.0423 30.2239 30.4712 30.8017 31.233 31.7852 32.4754 33.3215 34.3345 35.5232 36.8864 38.4188 40.1042 41.9235 43.8497 45.8566 47.9153 50
50 47.5774 45.1927 42.8837 40.6847 38.6286 36.7405 35.0412 33.5407 32.2439 31.1446 30.2334 29.4924 28.9035 28.4442 28.0941 27.8324 27.6411 27.5038 27.4077 27.3416 27.2971 27.2678 27.2489 27.237 27.2296 27.2251 27.2225 27.221 27.2201 27.2196 27.2194 27.2192 27.2191 27.2191 27.2191 27.2191 27.2191 27.2191 27.2191 27.2191 27.2191 27.2191 27.2191 27.2191 27.2191 27.2191 27.2191 27.2191 27.2191 27.2191 27.2191 27.2191 27.2191 27.2191 27.2191 27.2191 27.2191 27.2191 27.2191 27.2191 27.2191 27.2191 27.2191 27.2191 27.2191 27.2191 27.2191 27.2191 27.2191 27.2191 27.2191 27.2191 27.2191 27.2191 27.2191 27.2191 27.2191 27.2191 27.2191 27.2191 27.2191 27.2191 27.2191 27.2191 27.2191 27.2191 27.2191 27.2191 27.2191 27.2191 27.2191 27.2191 27.2191 27.2191 27.2191 27.2191 27.2191 27.2191 27.2191 27.2191 27.2191 27.2191 27.2191 27.2191 27.2191 27.2191 27.2191 27.2191 27.2191 27.2191 27.2191 27.2191 27.2191 27.2191 27.2191 27.2191 27.2191 27.2191 27.2191 27.2191 27.2191 27.2191 27.2191 27.2191 27.2191 27.2191 27.2191 27.2191 27.2191 27.2191 27.2191 27.2191 27.2191 27.2191 27.2191 27.2191 27.2191 27.2191 27.2191 27.2191 27.2191 27.2191 27.2191 27.2191 27.2191 27.2191 27.2191 27.2191 27.2191 27.2191 27.2191 27.2191 27.2191 27.2191 27.2191 27.2191 27.2191 27.2191 27.2191 27.2191 27.2191 27.2191 27.2191 27.2191 27.2191 27.2191 27.2192 27.2194 27.2196 27.2201 27.221 27.2225 27.2251 27.2296 27.237 27.2489 27.2678 27.2971 27.3416 27.4077 27.5038 27.6411 27.8324 28.0941 28.4442 28.9035 29.4924 30.2334 31.1446 32.2439 33.5407 35.0412 36.7405 38.6286 40.6847 42.8837 45.1927 47.5774 50
50 47.3187 44.6842 42.141 39.7305 37.4869 35.4391 33.6046 31.9945 30.6083 29.4398 28.4737 27.6921 27.0717 26.5901 26.2232 25.95 25.7503 25.6076 25.5076 25.439 25.3928 25.3625 25.343 25.3306 25.323 25.3184 25.3157 25.3141 25.3132 25.3127 25.3124 25.3123 25.3122 25.3122 25.3122 25.3121 25.3121 25.3121 25.3121 25.3121 25.3121 25.3121 25.3121 25.3121 25.3121 25.3121 25.3121 25.3121 25.3121 25.3121 25.3121 25.3121 25.3121 25.3121 25.3121 25.3121 25.3121 25.3121 25.3121 25.3121 25.3121 25.3121 25.3121 25.3121 25.3121 25.3121 25.3121 25.3121 25.3121 25.3121 25.3121 25.3121 25.3121 25.3121 25.3121 25.3121 25.3121 25.3121 25.3121 25.3121 25.3121 25.3121 25.3121 25.3121 25.3121 25.3121 25.3121 25.3121 25.3121 25.3121 25.3121 25.3121 25.3121 25.3121 25.3121 25.3121 25.3121 25.3121 25.3121 25.3121 25.3121 25.3121 25.3121 25.3121 25.3121 25.3121 25.3121 25.3121 25.3121 25.3121 25.3121 25.3121 25.3121 25.3121 25.3121 25.3121 25.3121 25.3121 25.3121 25.3121 25.3121 25.3121 25.3121 25.3121 25.3121 25.3121 25.3121 25.3121 25.3121 25.3121 25.3121 25.3121 25.3121 25.3121 25.3121 25.3121 25.3121 25.3121 25.3121 25.3121 25.3121 25.3121 25.3121 25.3121 25.3121 25.3121 25.3121 25.3121 25.3121 25.3121 25.3121 25.3121 25.3121 25.3121 25.3121 25.3121 25.3121 25.3121 25.3121 25.3121 25.3121 25.3121 25.3121 25.3122 25.3122 25.3122 25.3123 25.3124 25.3127 25.3132 25.3141 25.3157 25.3184 25.323 25.3306 25.343 25.3625 25.3928 25.439 25.5076 25.6076 25.7503 25.95 26.2232 26.5901 27.0717 27.6921 28.4737 29.4398 30.6083 31.9945 33.6046 35.4391 37.4869 39.7305 42.141 44.6842 47.3187 50
50 47.1237 44.3 41.5794 39.0064 36.6194 34.4465 32.5075 30.81 29.3541 28.1294 27.1205 26.3053 25.6605 25.1602 24.7804 24.4975 24.2914 24.144 24.041 23.9704 23.923 23.8918 23.8717 23.8591 23.8513 23.8465 23.8437 23.8421 23.8412 23.8407 23.8404 23.8403 23.8402 23.8402 23.8401 23.8401 23.8401 23.8401 23.8401 23.8401 23.8401 23.8401 23.8401 23.8401 23.8401 23.8401 23.8401 23.8401 23.8401 23.8401 23.8401 23.8401 23.8401 23.8401 23.8401 23.8401 23.8401 23.8401 23.8401 23.8401 23.8401 23.8401 23.8401 23.8401 23.8401 23.8401 23.8401 23.8401 23.8401 23.8401 23.8401 23.8401 23.8401 23.8401 23.8401 23.8401 23.8401 23.8401 23.8401 23.8401 23.8401 23.8401 23.8401 23.8401 23.8401 23.8401 23.8401 23.8401 23.8401 23.8401 23.8401 23.8401 23.8401 23.8401 23.8401 23.8401 23.8401 23.8401 23.8401 23.8401 23.8401 23.8401 23.8401 23.8401 23.8401 23.8401 23.8401 23.8401 23.8401 23.8401 23.8401 23.8401 23.8401 23.8401 23.8401 23.8401 23.8401 23.8401 23.8401 23.8401 23.8401 23.8401 23.8401 23.8401 23.8401 23.8401 23.8401 23.8401 23.8401 23.8401 23.8401 23.8401 23.8401 23.8401 23.8401 23.8401 23.8401 23.8401 23.8401 23.8401 23.8401 23.8401 23.8401 23.8401 23.8401 23.8401 23.8401 23.8401 23.8401 23.8401 23.8401 23.8401 23.8401 23.8401 23.8401 23.8401 23.8401 23.8401 23.8401 23.8401 23.8401 23.8401 23.8401 23.8401 23.8402 23.8402 23.8403 23.8404 23.8407 23.8412 23.8421 23.8437 23.8465 23.8513 23.8591 23.8717 23.8918 23.923 23.9704 24.041 24.144 24.2914 24.4975 24.7804 25.1602 25.6605 26.3053 27.1205 28.1294 29.3541 30.81 32.5075 34.4465 36.6194 39.0064 41.5794 44.3 47.1237 50
50 46.9788 44.0146 41.1611 38.4668 35.9709 33.7039 31.6841 29.9204 28.4099 27.1424 26.0994 25.2587 24.5941 24.0798 23.6894 23.3993 23.1879 23.0371 22.9316 22.8594 22.811 22.7792 22.7587 22.7458 22.7378 22.733 22.7302 22.7285 22.7276 22.7271 22.7268 22.7267 22.7266 22.7265 22.7265 22.7265 22.7265 22.7265 22.7265 22.7265 22.7265 22.7265 22.7265 22.7265 22.7265 22.7265 22.7265 22.7265 22.7265 22.7265 22.7265 22.7265 22.7265 22.7265 22.7265 22.7265 22.7265 22.7265 22.7265 22.7265 22.7265 22.7265 22.7265 22.7265 22.7265 22.7265 22.7265 22.7265 22.7265 22.7265 22.7265 22.7265 22.7265 22.7265 22.7265 22.7265 22.7265 22.7265 22.7265 22.7265 22.7265 22.7265 22.7265 22.7265 22.7265 22.7265 22.7265 22.7265 22.7265 22.7265 22.7265 22.7265 22.7265 22.7265 22.7265 22.7265 22.7265 22.7265 22.7265 22.7265 22.7265 22.7265 22.7265 22.7265 22.7265 22.7265 22.7265 22.7265 22.7265 22.7265 22.7265 22.7265 22.7265 22.7265 22.7265 22.7265 22.7265 22.7265 22.7265 22.7265 22.7265 22.7265 22.7265 22.7265 22.7265 22.7265 22.7265 22.7265 22.7265 22.7265 22.7265 22.7265 22.7265 22.7265 22.7265 22.7265 22.7265 22.7265 22.7265 22.7265 22.7265 22.7265 22.7265 22.7265 22.7265 22.7265 22.7265 22.7265 22.7265 22.7265 22.7265 22.7265 22.7265 22.7265 22.7265 22.7265 22.7265 22.7265 22.7265 22.7265 22.7265 22.7265 22.7265 22.7265 22.7265 22.7266 22.7267 22.7268 22.7271 22.7276 22.7285 22.7302 22.733 22.7378 22.7458 22.7587 22.7792 22.811 22.8594 22.9316 23.0371 23.1879 23.3993 23.6894 24.0798 24.5941 25.2587 26.0994 27.1424 28.4099 29.9204 31.6841 33.7039 35.9709 38.4668 41.1611 44.0146 46.9788 50
50 46.873 43.8058 40.8553 38.0712 35.4954 33.1578 31.0785 29.2644 27.7134 26.4129 25.3446 24.484 23.8049 23.2794 22.8812 22.5853 22.3701 22.2165 22.1093 22.0358 21.9866 21.9543 21.9335 21.9204 21.9124 21.9075 21.9046 21.903 21.902 21.9015 21.9012 21.901 21.901 21.9009 21.9009 21.9009 21.9009 21.9009 21.9009 21.9009 21.9009 21.9009 21.9009 21.9009 21.9009 21.9009 21.9009 21.9009 21.9009 21.9009 21.9009 21.9009 21.9009 21.9009 21.9009 21.9009 21.9009 21.9009 21.9009 21.9009 21.9009 21.9009 21.9009 21.9009 21.9009 21.9009 21.9009 21.9009 21.9009 21.9009 21.9009 21.9009 21.9009 21.9009 21.9009 21.9009 21.9009 21.9009 21.9009 21.9009 21.9009 21.9009 21.9009 21.9009 21.9009 21.9009 21.9009 21.9009 21.9009 21.9009 21.9009 21.9009 21.9009 21.9009 21.9009 21.9009 21.9009 21.9009 21.9009 21.9009 21.9009 21.9009 21.9009 21.9009 21.9009 21.9009 21.9009 21.9009 21.9009 21.9009 21.9009 21.9009 21.9009 21.9009 21.9009 21.9009 21.9009 21.9009 21.9009 21.9009 21.9009 21.9009 21.9009 21.9009 21.9009 21.9009 21.9009 21.9009 21.9009 21.9009 21.9009 21.9009 21.9009 21.9009 21.9009 21.9009 21.9009 21.9009 21.9009 21.9009 21.9009 21.9009 21.9009 21.9009 21.9009 21.9009 21.9009 21.9009 21.9009 21.9009 21.9009 21.9009 21.9009 21.9009 21.9009 21.9009 21.9009 21.9009 21.9009 21.9009 21.9009 21.9009 21.9009 21.9009 21.9009 21.901 21.901 21.9012 21.9015 21.902 21.903 21.9046 21.9075 21.9124 21.9204 21.9335 21.9543 21.9866 22.0358 22.1093 22.2165 22.3701 22.5853 22.8812 23.2794 23.8049 24.484 25.3446 26.4129 27.7134 29.2644 31.0785 33.1578 35.4954 38.0712 40.8553 43.8058 46.873 50
50 46.797 43.6561 40.6354 37.7869 35.1526 32.7643 30.6409 28.7904 27.209 25.8847 24.7972 23.9222 23.2319 22.6985 22.2943 21.9943 21.776 21.6205 21.5118 21.4376 21.3878 21.3551 21.3341 21.3208 21.3127 21.3078 21.3049 21.3032 21.3022 21.3017 21.3014 21.3012 21.3012 21.3011 21.3011 21.3011 21.3011 21.3011 21.3011 21.3011 21.3011 21.3011 21.3011 21.3011 21.3011 21.3011 21.3011 21.3011 21.3011 21.3011 21.3011 21.3011 21.3011 21.3011 21.3011 21.3011 21.3011 21.3011 21.3011 21.3011 21.3011 21.3011 21.3011 21.3011 21.3011 21.3011 21.3011 21.3011 21.3011 21.3011 21.3011 21.3011 21.3011 21.3011 21.3011 21.3011 21.3011 21.3011 21.3011 21.3011 21.3011 21.3011 21.3011 21.3011 21.3011 21.3011 21.3011 21.3011 21.3011 21.3011 21.3011 21.3011 21.3011 21.3011 21.3011 21.3011 21.3011 21.3011 21.3011 21.3011 21.3011 21.3011 21.3011 21.3011 21.3011 21.3011 21.3011 21.3011 21.3011 21.3011 21.3011 21.3011 21.3011 21.3011 21.3011 21.3011 21.3011 21.3011 21.3011 21.3011 21.3011 21.3011 21.3011 21.3011 21.3011 21.3011 21.3011 21.3011 21.3011 21.3011 21.3011 21.3011 21.3011 21.3011 21.3011 21.3011 21.3011 21.3011 21.3011 21.3011 21.3011 21.3011 21.3011 21.3011 21.3011 21.3011 21.3011 21.3011 21.3011 21.3011 21.3011 21.3011 21.3011 21.3011 21.3011 21.3011 21.3011 21.3011 21.3011 21.3011 21.3011 21.3011 21.3011 21.3011 21.3011 21.3012 21.3012 21.3014 21.3017 21.3022 21.3032 21.3049 21.3078 21.3127 21.3208 21.3341 21.3551 21.3878 21.4376 21.5118 21.6205 21.776 21.9943 22.2943 22.6985 23.2319 23.9222 24.7972 25.8847 27.209 28.7904 30.6409 32.7643 35.1526 37.7869 40.6354 43.6561 46.797 50
50 46.7436 43.5504 40.4803 37.5859 34.9105 32.4856 30.3311 28.4541 26.8514 25.5095 24.4085 23.5228 22.8246 22.2851 21.8767 21.5736 21.3532 21.1962 21.0866 21.0116 20.9614 20.9285 20.9073 20.894 20.8858 20.8808 20.8779 20.8762 20.8752 20.8747 20.8744 20.8743 20.8742 20.8742 20.8741 20.8741 20.8741 20.8741 20.8741 20.8741 20.8741 20.8741 20.8741 20.8741 20.8741 20.8741 20.8741 20.8741 20.8741 20.8741 20.8741 20.8741 20.8741 20.8741 20.8741 20.8741 20.8741 20.8741 20.8741 20.8741 20.8741 20.8741 20.8741 20.8741 20.8741 20.8741 20.8741 20.8741 20.8741 20.8741 20.8741 20.8741 20.8741 20.8741 20.8741 20.8741 20.8741 20.8741 20.8741 20.8741 20.8741 20.8741 20.8741 20.8741 20.8741 20.8741 20.8741 20.8741 20.8741 20.8741 20.8741 20.8741 20.8741 20.8741 20.8741 20.8741 20.8741 20.8741 20.8741 20.8741 20.8741 20.8741 20.8741 20.8741 20.8741 20.8741 20.8741 20.8741 20.8741 20.8741 20.8741 20.8741 20.8741 20.8741 20.8741 20.8741 20.8741 20.8741 20.8741 20.8741 20.8741 20.8741 20.8741 20.8741 20.8741 20.8741 20.8741 20.8741 20.8741 20.8741 20.8741 20.8741 20.8741 20.8741 20.8741 20.8741 20.8741 20.8741 20.8741 20.8741 20.8741 20.8741 20.8741 20.8741 20.8741 20.8741 20.8741 20.8741 20.8741 20.8741 20.8741 20.8741 20.8741 20.8741 20.8741 20.8741 20.8741 20.8741 20.8741 20.8741 20.8741 20.8741 20.8741 20.8741 20.8742 20.8742 20.8743 20.8744 20.8747 20.8752 20.8762 20.8779 20.8808 20.8858 20.894 20.9073 20.9285 20.9614 21.0116 21.0866 21.1962 21.3532 21.5736 21.8767 22.2851 22.8246 23.5228 24.4085 25.5095 26.8514 28.4541 30.3311 32.4856 34.9105 37.5859 40.4803 43.5504 46.7436 50
50 46.7065 43.4773 40.3729 37.4467 34.7425 32.2924 30.1159 28.2206 26.6025 25.2485 24.1377 23.2446 22.5407 21.9971 21.5855 21.2803 21.0583 20.9003 20.79 20.7146 20.6641 20.631 20.6097 20.5963 20.588 20.5831 20.5801 20.5784 20.5774 20.5769 20.5766 20.5765 20.5764 20.5763 20.5763 20.5763 20.5763 20.5763 20.5763 20.5763 20.5763 20.5763 20.5763 20.5763 20.5763 20.5763 20.5763 20.5763 20.5763 20.5763 20.5763 20.5763 20.5763 20.5763 20.5763 20.5763 20.5763 20.5763 20.5763 20.5763 20.5763 20.5763 20.5763 20.5763 20.5763 20.5763 20.5763 20.5763 20.5763 20.5763 20.5763 20.5763 20.5763 20.5763 20.5763 20.5763 20.5763 20.5763 20.5763 20.5763 20.5763 20.5763 20.5763 20.5763 20.5763 20.5763 20.5763 20.5763 20.5763 20.5763 20.5763 20.5763 20.5763 20.5763 20.5763 20.5763 20.5763 20.5763 20.5763 20.5763 20.5763 20.5763 20.5763 20.5763 20.5763 20.5763 20.5763 20.5763 20.5763 20.5763 20.5763 20.5763 20.5763 20.5763 20.5763 20.5763 20.5763 20.5763 20.5763 20.5763 20.5763 20.5763 20.5763 20.5763 20.5763 20.5763 20.5763 20.5763 20.5763 20.5763 20.5763 20.5763 20.5763 20.5763 20.5763 20.5763 20.5763 20.5763 20.5763 20.5763 20.5763 20.5763 20.5763 20.5763 20.5763 20.5763 20.5763 20.5763 20.5763 20.5763 20.5763 20.5763 20.5763 20.5763 20.5763 20.5763 20.5763 20.5763 20.5763 20.5763 20.5763 20.5763 20.5763 20.5763 20.5763 20.5764 20.5765 20.5766 20.5769 20.5774 20.5784 20.5801 20.5831 20.588 20.5963 20.6097 20.631 20.6641 20.7146 20.79 20.9003 21.0583 21.2803 21.5855 21.9971 22.5407 23.2446 24.1377 25.2485 26.6025 28.2206 30.1159 32.2924 34.7425 37.4467 40.3729 43.4773 46.7065 50
50 46.6814 43.4276 40.2999 37.3521 34.6283 32.1608 29.9694 28.0613 26.4329 25.0703 23.9529 23.0546 22.3469 21.8003 21.3867 21.0799 20.8569 20.6981 20.5874 20.5116 20.4609 20.4277 20.4063 20.3929 20.3846 20.3796 20.3766 20.3749 20.3739 20.3734 20.3731 20.373 20.3729 20.3728 20.3728 20.3728 20.3728 20.3728 20.3728 20.3728 20.3728 20.3728 20.3728 20.3728 20.3728 20.3728 20.3728 20.3728 20.3728 20.3728 20.3728 20.3728 20.3728 20.3728 20.3728 20.3728 20.3728 20.3728 20.3728 20.3728 20.3728 20.3728 20.3728 20.3728 20.3728 20.3728 20.3728 20.3728 20.3728 20.3728 20.3728 20.3728 20.3728 20.3728 20.3728 20.3728 20.3728 20.3728 20.3728 20.3728 20.3728 20.3728 20.3728 20.3728 20.3728 20.3728 20.3728 20.3728 20.3728 20.3728 20.3728 20.3728 20.3728 20.3728 20.3728 20.3728 20.3728 20.3728 20.3728 20.3728 20.3728 20.3728 20.3728 20.3728 20.3728 20.3728 20.3728 20.3728 20.3728 20.3728 20.3728 20.3728 20.3728 20.3728 20.3728 20.3728 20.3728 20.3728 20.3728 20.3728 20.3728 20.3728 20.3728 20.3728 20.3728 20.3728 20.3728 20.3728 20.3728 20.3728 20.3728 20.3728 20.3728 20.3728 20.3728 20.3728 20.3728 20.3728 20.3728 20.3728 20.3728 20.3728 20.3728 20.3728 20.3728 20.3728 20.3728 20.3728 20.3728 20.3728 20.3728 20.3728 20.3728 20.3728 20.3728 20.3728 20.3728 20.3728 20.3728 20.3728 20.3728 20.3728 20.3728 20.3728 20.3728 20.3729 20.373 20.3731 20.3734 20.3739 20.3749 20.3766 20.3796 20.3846 20.3929 20.4063 20.4277 20.4609 20.5116 20.5874 20.6981 20.8569 21.0799 21.3867 21.8003 22.3469 23.0546 23.9529 25.0703 26.4329 28.0613 29.9694 32.1608 34.6283 37.3521 40.2999 43.4276 46.6814 50
50 46.6647 43.3946 40.2513 37.2891 34.5521 32.073 29.8715 27.9551 26.3195 24.9513 23.8293 22.9276 22.2171 21.6686 21.2535 20.9457 20.7221 20.5628 20.4517 20.3758 20.3249 20.2916 20.2701 20.2567 20.2484 20.2434 20.2404 20.2387 20.2377 20.2372 20.2369 20.2367 20.2367 20.2366 20.2366 20.2366 20.2366 20.2366 20.2366 20.2366 20.2366 20.2366 20.2366 20.2366 20.2366 20.2366 20.2366 20.2366 20.2366 20.2366 20.2366 20.2366 20.2366 20.2366 20.2366 20.2366 20.2366 20.2366 20.2366 20.2366 20.2366 20.2366 20.2366 20.2366 20.2366 20.2366 20.2366 20.2366 20.2366 20.2366 20.2366 20.2366 20.2366 20.2366 20.2366 20.2366 20.2366 20.2366 20.2366 20.2366 20.2366 20.2366 20.2366 20.2366 20.2366 20.2366 20.2366 20.2366 20.2366 20.2366 20.2366 20.2366 20.2366 20.2366 20.2366 20.2366 20.2366 20.2366 20.2366 20.2366 20.2366 20.2366 20.2366 20.2366 20.2366 20.2366 20.2366 20.2366 20.2366 20.2366 20.2366 20.2366 20.2366 20.2366 20.2366 20.2366 20.2366 20.2366 20.2366 20.2366 20.2366 20.2366 20.2366 20.2366 20.2366 20.2366 20.2366 20.2366 20.2366 20.2366 20.2366 20.2366 20.2366 20.2366 20.2366 20.2366 20.2366 20.2366 20.2366 20.2366 20.2366 20.2366 20.2366 20.2366 20.2366 20.2366 20.2366 20.2366 20.2366 20.2366 20.2366 20.2366 20.2366 20.2366 20.2366 20.2366 20.2366 20.2366 20.2366 20.2366 20.2366 20.2366 20.2366 20.2366 20.2366 20.2367 20.2367 20.2369 20.2372 20.2377 20.2387 20.2404 20.2434 20.2484 20.2567 20.2701 20.2916 20.3249 20.3758 20.4517 20.5628 20.7221 20.9457 21.2535 21.6686 22.2171 22.9276 23.8293 24.9513 26.3195 27.9551 29.8715 32.073 34.5521 37.2891 40.2513 43.3946 46.6647 50
50 46.6537 43.373 40.2196 37.2478 34.5024 32.0156 29.8075 27.8854 26.2453 24.8733 23.7484 22.8443 22.1321 21.5823 21.1663 20.8578 20.6336 20.4741 20.3627 20.2867 20.2357 20.2023 20.1809 20.1674 20.1591 20.154 20.1511 20.1494 20.1484 20.1478 20.1476 20.1474 20.1473 20.1473 20.1473 20.1473 20.1472 20.1472 20.1472 20.1472 20.1472 20.1472 20.1472 20.1472 20.1472 20.1472 20.1472 20.1472 20.1472 20.1472 20.1472 20.1472 20.1472 20.1472 20.1472 20.1472 20.1472 20.1472 20.1472 20.1472 20.1472 20.1472 20.1472 20.1472 20.1472 20.1472 20.1472 20.1472 20.1472 20.1472 20.1472 20.1472 20.1472 20.1472 20.1472 20.1472 20.1472 20.1472 20.1472 20.1472 20.1472 20.1472 20.1472 20.1472 20.1472 20.1472 20.1472 20.1472 20.1472 20.1472 20.1472 20.1472 20.1472 20.1472 20.1472 20.1472 20.1472 20.1472 20.1472 20.1472 20.1472 20.1472 20.1472 20.1472 20.1472 20.1472 20.1472 20.1472 20.1472 20.1472 20.1472 20.1472 20.1472 20.1472 20.1472 20.1472 20.1472 20.1472 20.1472 20.1472 20.1472 20.1472 20.1472 20.1472 20.1472 20.1472 20.1472 20.1472 20.1472 20.1472 20.1472 20.1472 20.1472 20.1472 20.1472 20.1472 20.1472 20.1472 20.1472 20.1472 20.1472 20.1472 20.1472 20.1472 20.1472 20.1472 20.1472 20.1472 20.1472 20.1472 20.1472 20.1472 20.1472 20.1472 20.1472 20.1472 20.1472 20.1472 20.1472 20.1472 20.1472 20.1472 20.1473 20.1473 20.1473 20.1473 20.1474 20.1476 20.1478 20.1484 20.1494 20.1511 20.154 20.1591 20.1674 20.1809 20.2023 20.2357 20.2867 20.3627 20.4741 20.6336 20.8578 21.1663 21.5823 22.1321 22.8443 23.7484 24.8733 26.2453 27.8854 29.8075 32.0156 34.5024 37.2478 40.2196 43.373 46.6537 50
50 46.6467 43.3592 40.1992 37.2215 34.4704 31.9788 29.7665 27.8408 26.1977 24.8233 23.6964 22.7909 22.0775 21.5269 21.1102 20.8013 20.5769 20.4171 20.3056 20.2294 20.1784 20.145 20.1235 20.11 20.1017 20.0967 20.0937 20.092 20.091 20.0905 20.0902 20.09 20.0899 20.0899 20.0899 20.0899 20.0899 20.0899 20.0899 20.0899 20.0899 20.0899 20.0899 20.0899 20.0899 20.0899 20.0899 20.0899 20.0899 20.0899 20.0899 20.0899 20.0899 20.0899 20.0899 20.0899 20.0899 20.0899 20.0899 20.0899 20.0899 20.0899 20.0899 20.0899 20.0899 20.0899 20.0899 20.0899 20.0899 20.0899 20.0899 20.0899 20.0899 20.0899 20.0899 20.0899 20.0899 20.0899 20.0899 20.0899 20.0899 20.0899 20.0899 20.0899 20.0899 20.0899 20.0899 20.0899 20.0899 20.0899 20.0899 20.0899 20.0899 20.0899 20.0899 20.0899 20.0899 20.0899 20.0899 20.0899 20.0899 20.0899 20.0899 20.0899 20.0899 20.0899 20.0899 20.0899 20.0899 20.0899 20.0899 20.0899 20.0899 20.0899 20.0899 20.0899 20.0899 20.0899 20.0899 20.0899 20.0899 20.0899 20.0899 20.0899 20.0899 20.0899 20.0899 20.0899 20.0899 20.0899 20.0899 20.0899 20.0899 20.0899 20.0899 20.0899 20.0899 20.0899 20.0899 20.0899 20.0899 20.0899 20.0899 20.0899 20.0899 20.0899 20.0899 20.0899 20.0899 20.0899 20.0899 20.0899 20.0899 20.0899 20.0899 20.0899 20.0899 20.0899 20.0899 20.0899 20.0899 20.0899 20.0899 20.0899 20.0899 20.0899 20.09 20.0902 20.0905 20.091 20.092 20.0937 20.0967 20.1017 20.11 20.1235 20.145 20.1784 20.2294 20.3056 20.4171 20.5769 20.8013 21.1102 21.5269 22.0775 22.7909 23.6964 24.8233 26.1977 27.8408 29.7665 31.9788 34.4704 37.2215 40.1992 43.3592 46.6467 50
50 46.6424 43.3505 40.1865 37.2049 34.4504 31.9557 29.7407 27.8128 26.1677 24.7918 23.6638 22.7572 22.0432 21.492 21.075 20.7658 20.5411 20.3812 20.2697 20.1934 20.1424 20.1089 20.0875 20.0739 20.0656 20.0606 20.0576 20.0559 20.0549 20.0544 20.0541 20.0539 20.0539 20.0538 20.0538 20.0538 20.0538 20.0538 20.0538 20.0538 20.0538 20.0538 20.0538 20.0538 20.0538 20.0538 20.0538 20.0538 20.0538 20.0538 20.0538 20.0538 20.0538 20.0538 20.0538 20.0538 20.0538 20.0538 20.0538 20.0538 20.0538 20.0538 20.0538 20.0538 20.0538 20.0538 20.0538 20.0538 20.0538 20.0538 20.0538 20.0538 20.0538 20.0538 20.0538 20.0538 20.0538 20.0538 20.0538 20.0538 20.0538 20.0538 20.0538 20.0538 20.0538 20.0538 20.0538 20.0538 20.0538 20.0538 20.0538 20.0538 20.0538 20.0538 20.0538 20.0538 20.0538 20.0538 20.0538 20.0538 20.0538 20.0538 20.0538 20.0538 20.0538 20.0538 20.0538 20.0538 20.0538 20.0538 20.0538 20.0538 20.0538 20.0538 20.0538 20.0538 20.0538 20.0538 20.0538 20.0538 20.0538 20.0538 20.0538 20.0538 20.0538 20.0538 20.0538 20.0538 20.0538 20.0538 20.0538 20.0538 20.0538 20.0538 20.0538 20.0538 20.0538 20.0538 20.0538 20.0538 20.0538 20.0538 20.0538 20.0538 20.0538 20.0538 20.0538 20.0538 20.0538 20.0538 20.0538 20.0538 20.0538 20.0538 20.0538 20.0538 20.0538 20.0538 20.0538 20.0538 20.0538 20.0538 20.0538 20.0538 20.0538 20.0539 20.0539 20.0541 20.0544 20.0549 20.0559 20.0576 20.0606 20.0656 20.0739 20.0875 20.1089 20.1424 20.1934 20.2697 20.3812 20.5411 20.7658 21.075 21.492 22.0432 22.7572 23.6638 24.7918 26.1677 27.8128 29.7407 31.9557 34.4504 37.2049 40.1865 43.3505 46.6424 50
50 46.6397 43.3452 40.1786 37.1947 34.4381 31.9415 29.7249 27.7955 26.1493 24.7725 23.6436 22.7365 22.0221 21.4705 21.0533 20.7439 20.5191 20.3591 20.2475 20.1713 20.1202 20.0867 20.0652 20.0517 20.0434 20.0383 20.0354 20.0337 20.0327 20.0322 20.0319 20.0317 20.0316 20.0316 20.0316 20.0316 20.0316 20.0315 20.0315 20.0315 20.0315 20.0315 20.0315 20.0315 20.0315 20.0315 20.0315 20.0315 20.0315 20.0315 20.0315 20.0315 20.0315 20.0315 20.0315 20.0315 20.0315 20.0315 20.0315 20.0315 20.0315 20.0315 20.0315 20.0315 20.0315 20.0315 20.0315 20.0315 20.0315 20.0315 20.0315 20.0315 20.0315 20.0315 20.0315 20.0315 20.0315 20.0315 20.0315 20.0315 20.0315 20.0315 20.0315 20.0315 20.0315 20.0315 20.0315 20.0315 20.0315 20.0315 20.0315 20.0315 20.0315 20.0315 20.0315 20.0315 20.0315 20.0315 20.0315 20.0315 20.0315 20.0315 20.0315 20.0315 20.0315 20.0315 20.0315 20.0315 20.0315 20.0315 20.0315 20.0315 20.0315 20.0315 20.0315 20.0315 20.0315 20.0315 20.0315 20.0315 20.0315 20.0315 20.0315 20.0315 20.0315 20.0315 20.0315 20.0315 20.0315 20.0315 20.0315 20.0315 20.0315 20.0315 20.0315 20.0315 20.0315 20.0315 20.0315 20.0315 20.0315 20.0315 20.0315 20.0315 20.0315 20.0315 20.0315 20.0315 20.0315 20.0315 20.0315 20.0315 20.0315 20.0315 20.0315 20.0315 20.0315 20.0315 20.0315 20.0315 20.0315 20.0316 20.0316 20.0316 20.0316 20.0316 20.0317 20.0319 20.0322 20.0327 20.0337 20.0354 20.0383 20.0434 20.0517 20.0652 20.0867 20.1202 20.1713 20.2475 20.3591 20.5191 20.7439 21.0533 21.4705 22.0221 22.7365 23.6436 24.7725 26.1493 27.7955 29.7249 31.9415 34.4381 37.1947 40.1786 43.3452 46.6397 50
50 46.638 43.342 40.1739 37.1886 34.4307 31.9329 29.7153 27.7851 26.1382 24.7608 23.6315 22.724 22.0093 21.4576 21.0402 20.7307 20.5059 20.3458 20.2342 20.1579 20.1068 20.0733 20.0518 20.0383 20.03 20.0249 20.022 20.0203 20.0193 20.0187 20.0185 20.0183 20.0182 20.0182 20.0182 20.0181 20.0181 20.0181 20.0181 20.0181 20.0181 20.0181 20.0181 20.0181 20.0181 20.0181 20.0181 20.0181 20.0181 20.0181 20.0181 20.0181 20.0181 20.0181 20.0181 20.0181 20.0181 20.0181 20.0181 20.0181 20.0181 20.0181 20.0181 20.0181 20.0181 20.0181 20.0181 20.0181 20.0181 20.0181 20.0181 20.0181 20.0181 20.0181 20.0181 20.0181 20.0181 20.0181 20.0181 20.0181 20.0181 20.0181 20.0181 20.0181 20.0181 20.0181 20.0181 20.0181 20.0181 20.0181 20.0181 20.0181 20.0181 20.0181 20.0181 20.0181 20.0181 20.0181 20.0181 20.0181 20.0181 20.0181 20.0181 20.0181 20.0181 20.0181 20.0181 20.0181 20.0181 20.0181 20.0181 20.0181 20.0181 20.0181 20.0181 20.0181 20.0181 20.0181 20.0181 20.0181 20.0181 20.0181 20.0181 20.0181 20.0181 20.0181 20.0181 20.0181 20.0181 20.0181 20.0181 20.0181 20.0181 20.0181 20.0181 20.0181 20.0181 20.0181 20.0181 20.0181 20.0181 20.0181 20.0181 20.0181 20.0181 20.0181 20.0181 20.0181 20.0181 20.0181 20.0181 20.0181 20.0181 20.0181 20.0181 20.0181 20.0181 20.0181 20.0181 20.0181 20.0181 20.0181 20.0181 20.0182 20.0182 20.0182 20.0183 20.0185 20.0187 20.0193 20.0203 20.022 20.0249 20.03 20.0383 20.0518 20.0733 20.1068 20.1579 20.2342 20.3458 20.5059 20.7307 21.0402 21.4576 22.0093 22.724 23.6315 24.7608 26.1382 27.7851 29.7153 31.9329 34.4307 37.1886 40.1739 43.342 46.638 50
50 46.6371 43.3401 40.1711 37.1849 34.4263 31.9279 29.7096 27.7789 26.1316 24.7539 23.6243 22.7167 22.0018 21.4499 21.0324 20.7229 20.498 20.3379 20.2263 20.15 20.0989 20.0654 20.0439 20.0304 20.022 20.017 20.0141 20.0123 20.0114 20.0108 20.0105 20.0104 20.0103 20.0103 20.0102 20.0102 20.0102 20.0102 20.0102 20.0102 20.0102 20.0102 20.0102 20.0102 20.0102 20.0102 20.0102 20.0102 20.0102 20.0102 20.0102 20.0102 20.0102 20.0102 20.0102 20.0102 20.0102 20.0102 20.0102 20.0102 20.0102 20.0102 20.0102 20.0102 20.0102 20.0102 20.0102 20.0102 20.0102 20.0102 20.0102 20.0102 20.0102 20.0102 20.0102 20.0102 20.0102 20.0102 20.0102 20.0102 20.0102 20.0102 20.0102 20.0102 20.0102 20.0102 20.0102 20.0102 20.0102 20.0102 20.0102 20.0102 20.0102 20.0102 20.0102 20.0102 20.0102 20.0102 20.0102 20.0102 20.0102 20.0102 20.0102 20.0102 20.0102 20.0102 20.0102 20.0102 20.0102 20.0102 20.0102 20.0102 20.0102 20.0102 20.0102 20.0102 20.0102 20.0102 20.0102 20.0102 20.0102 20.0102 20.0102 20.0102 20.0102 20.0102 20.0102 20.0102 20.0102 20.0102 20.0102 20.0102 20.0102 20.0102 20.0102 20.0102 20.0102 20.0102 20.0102 20.0102 20.0102 20.0102 20.0102 20.0102 20.0102 20.0102 20.0102 20.0102 20.0102 20.0102 20.0102 20.0102 20.0102 20.0102 20.0102 20.0102 20.0102 20.0102 20.0102 20.0102 20.0102 20.0102 20.0102 20.0102 20.0103 20.0103 20.0104 20.0105 20.0108 20.0114 20.0123 20.0141 20.017 20.022 20.0304 20.0439 20.0654 20.0989 20.15 20.2263 20.3379 20.498 20.7229 21.0324 21.4499 22.0018 22.7167 23.6243 24.7539 26.1316 27.7789 29.7096 31.9279 34.4263 37.1849 40.1711 43.3401 46.6371 50
50 46.6365 43.339 40.1695 37.1829 34.4238 31.925 29.7064 27.7754 26.1278 24.7499 23.6202 22.7124 21.9974 21.4455 21.028 20.7184 20.4935 20.3334 20.2217 20.1454 20.0943 20.0609 20.0393 20.0258 20.0175 20.0124 20.0095 20.0078 20.0068 20.0062 20.006 20.0058 20.0057 20.0057 20.0057 20.0056 20.0056 20.0056 20.0056 20.0056 20.0056 20.0056 20.0056 20.0056 20.0056 20.0056 20.0056 20.0056 20.0056 20.0056 20.0056 20.0056 20.0056 20.0056 20.0056 20.0056 20.0056 20.0056 20.0056 20.0056 20.0056 20.0056 20.0056 20.0056 20.0056 20.0056 20.0056 20.0056 20.0056 20.0056 20.0056 20.0056 20.0056 20.0056 20.0056 20.0056 20.0056 20.0056 20.0056 20.0056 20.0056 20.0056 20.0056 20.0056 20.0056 20.0056 20.0056 20.0056 20.0056 20.0056 20.0056 20.0056 20.0056 20.0056 20.0056 20.0056 20.0056 20.0056 20.0056 20.0056 20.0056 20.0056 20.0056 20.0056 20.0056 20.0056 20.0056 20.0056 20.0056 20.0056 20.0056 20.0056 20.0056 20.0056 20.0056 20.0056 20.0056 20.0056 20.0056 20.0056 20.0056 20.0056 20.0056 20.0056 20.0056 20.0056 20.0056 20.0056 20.0056 20.0056 20.0056 20.0056 20.0056 20.0056 20.0056 20.0056 20.0056 20.0056 20.0056 20.0056 20.0056 20.0056 20.0056 20.0056 20.0056 20.0056 20.0056 20.0056 20.0056 20.0056 20.0056 20.0056 20.0056 20.0056 20.0056 20.0056 20.0056 20.0056 20.0056 20.0056 20.0056 20.0056 20.0056 20.0057 20.0057 20.0057 20.0058 20.006 20.0062 20.0068 20.0078 20.0095 20.0124 20.0175 20.0258 20.0393 20.0609 20.0943 20.1454 20.2217 20.3334 20.4935 20.7184 21.028 21.4455 21.9974 22.7124 23.6202 24.7499 26.1278 27.7754 29.7064 31.925 34.4238 37.1829 40.1695 43.339 46.6365 50
50 46.6362 43.3384 40.1686 37.1817 34.4223 31.9233 29.7045 27.7734 26.1257 24.7476 23.6178 22.71 21.995 21.443 21.0254 20.7158 20.4909 20.3308 20.2192 20.1428 20.0918 20.0583 20.0368 20.0232 20.0149 20.0099 20.0069 20.0052 20.0042 20.0037 20.0034 20.0032 20.0031 20.0031 20.0031 20.0031 20.0031 20.0031 20.0031 20.0031 20.0031 20.0031 20.0031 20.0031 20.0031 20.0031 20.0031 20.0031 20.0031 20.0031 20.0031 20.0031 20.0031 20.0031 20.0031 20.0031 20.0031 20.0031 20.0031 20.0031 20.0031 20.0031 20.0031 20.0031 20.0031 20.0031 20.0031 20.0031 20.0031 20.0031 20.0031 20.0031 20.0031 20.0031 20.0031 20.0031 20.0031 20.0031 20.0031 20.0031 20.0031 20.0031 20.0031 20.0031 20.0031 20.0031 20.0031 20.0031 20.0031 20.0031 20.0031 20.0031 20.0031 20.0031 20.0031 20.0031 20.0031 20.0031 20.0031 20.0031 20.0031 20.0031 20.0031 20.0031 20.0031 20.0031 20.0031 20.0031 20.0031 20.0031 20.0031 20.0031 20.0031 20.0031 20.0031 20.0031 20.0031 20.0031 20.0031 20.0031 20.0031 20.0031 20.0031 20.0031 20.0031 20.0031 20.0031 20.0031 20.0031 20.0031 20.0031 20.0031 20.0031 20.0031 20.0031 20.0031 20.0031 20.0031 20.0031 20.0031 20.0031 20.0031 20.0031 20.0031 20.0031 20.0031 20.0031 20.0031 20.0031 20.0031 20.0031 20.0031 20.0031 20.0031 20.0031 20.0031 20.0031 20.0031 20.0031 20.0031 20.0031 20.0031 20.0031 20.0031 20.0031 20.0031 20.0032 20.0034 20.0037 20.0042 20.0052 20.0069 20.0099 20.0149 20.0232 20.0368 20.0583 20.0918 20.1428 20.2192 20.3308 20.4909 20.7158 21.0254 21.443 21.995 22.71 23.6178 24.7476 26.1257 27.7734 29.7045 31.9233 34.4223 37.1817 40.1686 43.3384 46.6362 50
50 46.636 43.338 40.1681 37.181 34.4215 31.9224 29.7035 27.7723 26.1245 24.7464 23.6166 22.7087 21.9936 21.4416 21.024 20.7144 20.4895 20.3294 20.2177 20.1414 20.0903 20.0568 20.0353 20.0218 20.0134 20.0084 20.0054 20.0037 20.0028 20.0022 20.0019 20.0018 20.0017 20.0017 20.0016 20.0016 20.0016 20.0016 20.0016 20.0016 20.0016 20.0016 20.0016 20.0016 20.0016 20.0016 20.0016 20.0016 20.0016 20.0016 20.0016 20.0016 20.0016 20.0016 20.0016 20.0016 20.0016 20.0016 20.0016 20.0016 20.0016 20.0016 20.0016 20.0016 20.0016 20.0016 20.0016 20.0016 20.0016 20.0016 20.0016 20.0016 20.0016 20.0016 20.0016 20.0016 20.0016 20.0016 20.0016 20.0016 20.0016 20.0016 20.0016 20.0016 20.0016 20.0016 20.0016 20.0016 20.0016 20.0016 20.0016 20.0016 20.0016 20.0016 20.0016 20.0016 20.0016 20.0016 20.0016 20.0016 20.0016 20.0016 20.0016 20.0016 20.0016 20.0016 20.0016 20.0016 20.0016 20.0016 20.0016 20.0016 20.0016 20.0016 20.0016 20.0016 20.0016 20.0016 20.0016 20.0016 20.0016 20.0016 20.0016 20.0016 20.0016 20.0016 20.0016 20.0016 20.0016 20.0016 20.0016 20.0016 20.0016 20.0016 20.0016 20.0016 20.0016 20.0016 20.0016 20.0016 20.0016 20.0016 20.0016 20.0016 20.0016 20.0016 20.0016 20.0016 20.0016 20.0016 20.0016 20.0016 20.0016 20.0016 20.0016 20.0016 20.0016 20.0016 20.0016 20.0016 20.0016 20.0016 20.0016 20.0016 20.0017 20.0017 20.0018 20.0019 20.0022 20.0028 20.0037 20.0054 20.0084 20.0134 20.0218 20.0353 20.0568 20.0903 20.1414 20.2177 20.3294 20.4895 20.7144 21.024 21.4416 21.9936 22.7087 23.6166 24.7464 26.1245 27.7723 29.7035 31.9224 34.4215 37.181 40.1681 43.338 46.636 50
50 46.6359 43.3378 40.1678 37.1807 34.4211 31.9219 29.703 27.7717 26.1239 24.7457 23.6158 22.7079 21.9928 21.4409 21.0233 20.7137 20.4887 20.3286 20.2169 20.1406 20.0896 20.0561 20.0345 20.021 20.0127 20.0076 20.0047 20.003 20.002 20.0014 20.0012 20.001 20.0009 20.0009 20.0009 20.0008 20.0008 20.0008 20.0008 20.0008 20.0008 20.0008 20.0008 20.0008 20.0008 20.0008 20.0008 20.0008 20.0008 20.0008 20.0008 20.0008 20.0008 20.0008 20.0008 20.0008 20.0008 20.0008 20.0008 20.0008 20.0008 20.0008 20.0008 20.0008 20.0008 20.0008 20.0008 20.0008 20.0008 20.0008 20.0008 20.0008 20.0008 20.0008 20.0008 20.0008 20.0008 20.0008 20.0008 20.0008 20.0008 20.0008 20.0008 20.0008 20.0008 20.0008 20.0008 20.0008 20.0008 20.0008 20.0008 20.0008 20.0008 20.0008 20.0008 20.0008 20.0008 20.0008 20.0008 20.0008 20.0008 20.0008 20.0008 20.0008 20.0008 20.0008 20.0008 20.0008 20.0008 20.0008 20.0008 20.0008 20.0008 20.0008 20.0008 20.0008 20.0008 20.0008 20.0008 20.0008 20.0008 20.0008 20.0008 20.0008 20.0008 20.0008 20.0008 20.0008 20.0008 20.0008 20.0008 20.0008 20.0008 20.0008 20.0008 20.0008 20.0008 20.0008 20.0008 20.0008 20.0008 20.0008 20.0008 20.0008 20.0008 20.0008 20.0008 20.0008 20.0008 20.0008 20.0008 20.0008 20.0008 20.0008 20.0008 20.0008 20.0008 20.0008 20.0008 20.0008 20.0008 20.0008 20.0008 20.0009 20.0009 20.0009 20.001 20.0012 20.0014 20.002 20.003 20.0047 20.0076 20.0127 20.021 20.0345 20.0561 20.0896 20.1406 20.2169 20.3286 20.4887 20.7137 21.0233 21.4409 21.9928 22.7079 23.6158 24.7457 26.1239 27.7717 29.703 31.9219 34.4211 37.1807 40.1678 43.3378 46.6359 50
50 46.6359 43.3377 40.1677 37.1805 34.4209 31.9216 29.7027 27.7713 26.1235 24.7453 23.6155 22.7075 21.9925 21.4405 21.0229 20.7133 20.4883 20.3282 20.2165 20.1402 20.0891 20.0556 20.0341 20.0206 20.0123 20.0072 20.0043 20.0025 20.0016 20.001 20.0007 20.0006 20.0005 20.0005 20.0004 20.0004 20.0004 20.0004 20.0004 20.0004 20.0004 20.0004 20.0004 20.0004 20.0004 20.0004 20.0004 20.0004 20.0004 20.0004 20.0004 20.0004 20.0004 20.0004 20.0004 20.0004 20.0004 20.0004 20.0004 20.0004 20.0004 20.0004 20.0004 20.0004 20.0004 20.0004 20.0004 20.0004 20.0004 20.0004 20.0004 20.0004 20.0004 20.0004 20.0004 20.0004 20.0004 20.0004 20.0004 20.0004 20.0004 20.0004 20.0004 20.0004 20.0004 20.0004 20.0004 20.0004 20.0004 20.0004 20.0004 20.0004 20.0004 20.0004 20.0004 20.0004 20.0004 20.0004 20.0004 20.0004 20.0004 20.0004 20.0004 20.0004 20.0004 20.0004 20.0004 20.0004 20.0004 20.0004 20.0004 20.0004 20.0004 20.0004 20.0004 20.0004 20.0004 20.0004 20.0004 20.0004 20.0004 20.0004 20.0004 20.0004 20.0004 20.0004 20.0004 20.0004 20.0004 20.0004 20.0004 20.0004 20.0004 20.0004 20.0004 20.0004 20.0004 20.0004 20.0004 20.0004 20.0004 20.0004 20.0004 20.0004 20.0004 20.0004 20.0004 20.0004 20.0004 20.0004 20.0004 20.0004 20.0004 20.0004 20.0004 20.0004 20.0004 20.0004 20.0004 20.0004 20.0004 20.0004 20.0004 20.0004 20.0005 20.0005 20.0006 20.0007 20.001 20.0016 20.0025 20.0043 20.0072 20.0123 20.0206 20.0341 20.0556 20.0891 20.1402 20.2165 20.3282 20.4883 20.7133 21.0229 21.4405 21.9925 22.7075 23.6155 24.7453 26.1235 27.7713 29.7027 31.9216 34.4209 37.1805 40.1677 43.3377 46.6359 50
50 46.6359 43.3377 40.1676 37.1804 34.4208 31.9215 29.7025 27.7712 26.1233 24.7451 23.6153 22.7073 21.9923 21.4402 21.0226 20.713 20.4881 20.328 20.2163 20.14 20.0889 20.0554 20.0339 20.0204 20.012 20.007 20.004 20.0023 20.0014 20.0008 20.0005 20.0004 20.0003 20.0002 20.0002 20.0002 20.0002 20.0002 20.0002 20.0002 20.0002 20.0002 20.0002 20.0002 20.0002 20.0002 20.0002 20.0002 20.0002 20.0002 20.0002 20.0002 20.0002 20.0002 20.0002 20.0002 20.0002 20.0002 20.0002 20.0002 20.0002 20.0002 20.0002 20.0002 20.0002 20.0002 20.0002 20.0002 20.0002 20.0002 20.0002 20.0002 20.0002 20.0002 20.0002 20.0002 20.0002 20.0002 20.0002 20.0002 20.0002 20.0002 20.0002 20.0002 20.0002 20.0002 20.0002 20.0002 20.0002 20.0002 20.0002 20.0002 20.0002 20.0002 20.0002 20.0002 20.0002 20.0002 20.0002 20.0002 20.0002 20.0002 20.0002 20.0002 20.0002 20.0002 20.0002 20.0002 20.0002 20.0002 20.0002 20.0002 20.0002 20.0002 20.0002 20.0002 20.0002 20.0002 20.0002 20.0002 20.0002 20.0002 20.0002 20.0002 20.0002 20.0002 20.0002 20.0002 20.0002 20.0002 20.0002 20.0002 20.0002 20.0002 20.0002 20.0002 20.0002 20.0002 20.0002 20.0002 20.0002 20.0002 20.0002 20.0002 20.0002 20.0002 20.0002 20.0002 20.0002 20.0002 20.0002 20.0002 20.0002 20.0002 20.0002 20.0002 20.0002 20.0002 20.0002 20.0002 20.0002 20.0002 20.0002 20.0002 20.0002 20.0003 20.0004 20.0005 20.0008 20.0014 20.0023 20.004 20.007 20.012 20.0204 20.0339 20.0554 20.0889 20.14 20.2163 20.328 20.4881 20.713 21.0226 21.4402 21.9923 22.7073 23.6153 24.7451 26.1233 27.7712 29.7025 31.9215 34.4208 37.1804 40.1676 43.3377 46.6359 50
50 46.6358 43.3376 40.1675 37.1803 34.4207 31.9214 29.7024 27.7711 26.1232 24.7451 23.6152 22.7072 21.9921 21.4401 21.0225 20.7129 20.488 20.3279 20.2162 20.1399 20.0888 20.0553 20.0338 20.0203 20.0119 20.0069 20.0039 20.0022 20.0012 20.0007 20.0004 20.0003 20.0002 20.0001 20.0001 20.0001 20.0001 20.0001 20.0001 20.0001 20.0001 20.0001 20.0001 20.0001 20.0001 20.0001 20.0001 20.0001 20.0001 20.0001 20.0001 20.0001 20.0001 20.0001 20.0001 20.0001 20.0001 20.0001 20.0001 20.0001 20.0001 20.0001 20.0001 20.0001 20.0001 20.0001 20.0001 20.0001 20.0001 20.0001 20.0001 20.0001 20.0001 20.0001 20.0001 20.0001 20.0001 20.0001 20.0001 20.0001 20.0001 20.0001 20.0001 20.0001 20.0001 20.0001 20.0001 20.0001 20.0001 20.0001 20.0001 20.0001 20.0001 20.0001 20.0001 20.0001 20.0001 20.0001 20.0001 20.0001 20.0001 20.0001 20.0001 20.0001 20.0001 20.0001 20.0001 20.0001 20.0001 20.0001 20.0001 20.0001 20.0001 20.0001 20.0001 20.0001 20.0001 20.0001 20.0001 20.0001 20.0001 20.0001 20.0001 20.0001 20.0001 20.0001 20.0001 20.0001 20.0001 20.0001 20.0001 20.0001 20.0001 20.0001 20.0001 20.0001 20.0001 20.0001 20.0001 20.0001 20.0001 20.0001 20.0001 20.0001 20.0001 20.0001 20.0001 20.0001 20.0001 20.0001 20.0001 20.0001 20.0001 20.0001 20.0001 20.0001 20.0001 20.0001 20.0001 20.0001 20.0001 20.0001 20.0001 20.0001 20.0001 20.0002 20.0003 20.0004 20.0007 20.0012 20.0022 20.0039 20.0069 20.0119 20.0203 20.0338 20.0553 20.0888 20.1399 20.2162 20.3279 20.488 20.7129 21.0225 21.4401 21.9921 22.7072 23.6152 24.7451 26.1232 27.7711 29.7024 31.9214 34.4207 37.1803 40.1675 43.3376 46.6358 50
50 46.6358 43.3376 40.1675 37.1803 34.4207 31.9214 29.7024 27.771 26.1232 24.745 23.6151 22.7072 21.9921 21.4401 21.0225 20.7129 20.488 20.3278 20.2162 20.1399 20.0888 20.0553 20.0338 20.0202 20.0119 20.0069 20.0039 20.0022 20.0012 20.0007 20.0004 20.0002 20.0001 20.0001 20.0001 20.0001 20.0001 20.0001 20 20 20 20 20 20 20 20 20 20 20 20 20 20 20 20 20 20 20 20 20 20 20 20 20 20 20 20 20 20 20 20 20 20 20 20 20 20 20 20 20 20 20 20 20 20 20 20 20 20 20 20 20 20 20 20 20 20 20 20 20 20 20 20 20 20 20 20 20 20 20 20 20 20 20 20 20 20 20 20 20 20 20 20 20 20 20 20 20 20 20 20 20 20 20 20 20 20 20 20 20 20 20 20 20 20 20 20 20 20 20 20 20 20 20 20 20 20 20 20 20 20 20.0001 20.0001 20.0001 20.0001 20.0001 20.0001 20.0002 20.0004 20.0007 20.0012 20.0022 20.0039 20.0069 20.0119 20.0202 20.0338 20.0553 20.0888 20.1399 20.2162 20.3278 20.488 20.7129 21.0225 21.4401 21.9921 22.7072 23.6151 24.745 26.1232 27.771 29.7024 31.9214 34.4207 37.1803 40.1675 43.3376 46.6358 50
50 46.6358 43.3376 40.1675 37.1803 34.4207 31.9214 29.7024 27.771 26.1232 24.745 23.6151 22.7072 21.9921 21.4401 21.0225 20.7129 20.4879 20.3278 20.2161 20.1398 20.0887 20.0552 20.0337 20.0202 20.0119 20.0068 20.0039 20.0021 20.0012 20.0006 20.0003 20.0002 20.0001 20.0001 20 20 20 20 20 20 20 20 20 20 20 20 20 20 20 20 20 20 20 20 20 20 20 20 20 20 20 20 20 20 20 20 20 20 20 20 20 20 20 20 20 20 20 20 20 20 20 20 20 20 20 20 20 20 20 20 20 20 20 20 20 20 20 20 20 20 20 20 20 20 20 20 20 20 20 20 20 20 20 20 20 20 20 20 20 20 20 20 20 20 20 20 20 20 20 20 20 20 20 20 20 20 20 20 20 20 20 20 20 20 20 20 20 20 20 20 20 20 20 20 20 20 20 20 20 20 20 20 20 20 20.0001 20.0001 20.0002 20.0003 20.0006 20.0012 20.0021 20.0039 20.0068 20.0119 20.0202 20.0337 20.0552 20.0887 20.1398 20.2161 20.3278 20.4879 20.7129 21.0225 21.4401 21.9921 22.7072 23.6151 24.745 26.1232 27.771 29.7024 31.9214 34.4207 37.1803 40.1675 43.3376 46.6358 50
50 46.6358 43.3376 40.1675 37.1803 34.4206 31.9214 29.7024 27.771 26.1232 24.745 23.6151 22.7072 21.9921 21.4401 21.0224 20.7128 20.4879 20.3278 20.2161 20.1398 20.0887 20.0552 20.0337 20.0202 20.0118 20.0068 20.0038 20.0021 20.0012 20.0006 20.0003 20.0002 20.0001 20 20 20 20 20 20 20 20 20 20 20 20 20 20 20 20 20 20 20 20 20 20 20 20 20 20 20 20 20 20 20 20 20 20 20 20 20 20 20 20 20 20 20 20 20 20 20 20 20 20 20 20 20 20 20 20 20 20 20 20 20 20 20 20 20 20 20 20 20 20 20 20 20 20 20 20 20 20 20 20 20 20 20 20 20 20 20 20 20 20 20 20 20 20 20 20 20 20 20 20 20 20 20 20 20 20 20 20 20 20 20 20 20 20 20 20 20 20 20 20 20 20 20 20 20 20 20 20 20 20 20 20 20.0001 20.0002 20.0003 20.0006 20.0012 20.0021 20.0038 20.0068 20.0118 20.0202 20.0337 20.0552 20.0887 20.1398 20.2161 20.3278 20.4879 20.7128 21.0224 21.4401 21.9921 22.7072 23.6151 24.745 26.1232 27.771 29.7024 31.9214 34.4206 37.1803 40.1675 43.3376 46.6358 50
50 46.6358 43.3376 40.1675 37.1803 34.4206 31.9214 29.7024 27.771 26.1232 24.745 23.6151 22.7072 21.9921 21.44 21.0224 20.7128 20.4879 20.3278 20.2161 20.1398 20.0887 20.0552 20.0337 20.0202 20.0118 20.0068 20.0038 20.0021 20.0011 20.0006 20.0003 20.0002 20.0001 20 20 20 20 20 20 20 20 20 20 20 20 20 20 20 20 20 20 20 20 20 20 20 20 20 20 20 20 20 20 20 20 20 20 20 20 20 20 20 20 20 20 20 20 20 20 20 20 20 20 20 20 20 20 20 20 20 20 20 20 20 20 20 20 20 20 20 20 20 20 20 20 20 20 20 20 20 20 20 20 20 20 20 20 20 20 20 20 20 20 20 20 20 20 20 20 20 20 20 20 20 20 20 20 20 20 20 20 20 20 20 20 20 20 20 20 20 20 20 20 20 20 20 20 20 20 20 20 20 20 20 20 20.0001 20.0002 20.0003 20.0006 20.0011 20.0021 20.0038 20.0068 20.0118 20.0202 20.0337 20.0552 20.0887 20.1398 20.2161 20.3278 20.4879 20.7128 21.0224 21.44 21.9921 22.7072 23.6151 24.745 26.1232 27.771 29.7024 31.9214 34.4206 37.1803 40.1675 43.3376 46.6358 50
50 46.6358 43.3376 40.1675 37.1803 34.4206 31.9214 29.7024 27.771 26.1232 24.745 23.6151 22.7072 21.9921 21.44 21.0224 20.7128 20.4879 20.3278 20.2161 20.1398 20.0887 20.0552 20.0337 20.0202 20.0118 20.0068 20.0038 20.0021 20.0011 20.0006 20.0003 20.0002 20.0001 20 20 20 20 20 20 20 20 20 20 20 20 20 20 20 20 20 20 20 20 20 20 20 20 20 20 20 20 20 20 20 20 20 20 20 20 20 20 20 20 20 20 20 20 20 20 20 20 20 20 20 20 20 20 20 20 20 20 20 20 20 20 20 20 20 20 20 20 20 20 20 20 20 20 20 20 20 20 20 20 20 20 20 20 20 20 20 20 20 20 20 20 20 20 20 20 20 20 20 20 20 20 20 20 20 20 20 20 20 20 20 20 20 20 20 20 20 20 20 20 20 20 20 20 20 20 20 20 20 20 20 20 20.0001 20.0002 20.0003 20.0006 20.0011 20.0021 20.0038 20.0068 20.0118 20.0202 20.0337 20.0552 20.0887 20.1398 20.2161 20.3278 20.4879 20.7128 21.0224 21.44 21.9921 22.7072 23.6151 24.745 26.1232 27.771 29.7024 31.9214 34.4206 37.1803 40.1675 43.3376 46.6358 50
50 46.6358 43.3376 40.1675 37.1803 34.4206 31.9213 29.7024 27.771 26.1232 24.745 23.6151 22.7072 21.9921 21.44 21.0224 20.7128 20.4879 20.3278 20.2161 20.1398 20.0887 20.0552 20.0337 20.0202 20.0118 20.0068 20.0038 20.0021 20.0011 20.0006 20.0003 20.0002 20.0001 20 20 20 20 20 20 20 20 20 20 20 20 20 20 20 20 20 20 20 20 20 20 20 20 20 20 20 20 20 20 20 20 20 20 20 20 20 20 20 20 20 20 20 20 20 20 20 20 20 20 20 20 20 20 20 20 20 20 20 20 20 20 20 20 20 20 20 20 20 20 20 20 20 20 20 20 20 20 20 20 20 20 20 20 20 20 20 20 20 20 20 20 20 20 20 20 20 20 20 20 20 20 20 20 20 20 20 20 20 20 20 20 20 20 20 20 20 20 20 20 20 20 20 20 20 20 20 20 20 20 20 20 20.0001 20.0002 20.0003 20.0006 20.0011 20.0021 20.0038 20.0068 20.0118 20.0202 20.0337 20.0552 20.0887 20.1398 20.2161 20.3278 20.4879 20.7128 21.0224 21.44 21.9921 22.7072 23.6151 24.745 26.1232 27.771 29.7024 31.9213 34.4206 37.1803 40.1675 43.3376 46.6358 50
50 46.6358 43.3376 40.1675 37.1803 34.4206 31.9213 29.7024 27.771 26.1232 24.745 23.6151 22.7072 21.9921 21.44 21.0224 20.7128 20.4879 20.3278 20.2161 20.1398 20.0887 20.0552 20.0337 20.0202 20.0118 20.0068 20.0038 20.0021 20.0011 20.0006 20.0003 20.0002 20.0001 20 20 20 20 20 20 20 20 20 20 20 20 20 20 20 20 20 20 20 20 20 20 20 20 20 20 20 20 20 20 20 20 20 20 20 20 20 20 20 20 20 20 20 20 20 20 20 20 20 20 20 20 20 20 20 20 20 20 20 20 20 20 20 20 20 20 20 20 20 20 20 20 20 20 20 20 20 20 20 20 20 20 20 20 20 20 20 20 20 20 20 20 20 20 20 20 20 20 20 20 20 20 20 20 20 20 20 20 20 20 20 20 20 20 20 20 20 20 20 20 20 20 20 20 20 20 20 20 20 20 20 20 20.0001 20.0002 20.0003 20.0006 20.0011 20.0021 20.0038 20.0068 20.0118 20.0202 20.0337 20.0552 20.0887 20.1398 20.2161 20.3278 20.4879 20.7128 21.0224 21.44 21.9921 22.7072 23.6151 24.745 26.1232 27.771 29.7024 31.9213 34.4206 37.1803 40.1675 43.3376 46.6358 50
50 46.6358 43.3376 40.1675 37.1803 34.4206 31.9213 29.7024 27.771 26.1232 24.745 23.6151 22.7072 21.9921 21.44 21.0224 20.7128 20.4879 20.3278 20.2161 20.1398 20.0887 20.0552 20.0337 20.0202 20.0118 20.0068 20.0038 20.0021 20.0011 20.0006 20.0003 20.0002 20.0001 20 20 20 20 20 20 20 20 20 20 20 20 20 20 20 20 20 20 20 20 20 20 20 20 20 20 20 20 20 20 20 20 20 20 20 20 20 20 20 20 20 20 20 20 20 20 20 20 20 20 20 20 20 20 20 20 20 20 20 20 20 20 20 20 20 20 20 20 20 20 20 20 20 20 20 20 20 20 20 20 20 20 20 20 20 20 20 20 20 20 20 20 20 20 20 20 20 20 20 20 20 20 20 20 20 20 20 20 20 20 20 20 20 20 20 20 20 20 20 20 20 20 20 20 20 20 20 20 20 20 20 20 20.0001 20.0002 20.0003 20.0006 20.0011 20.0021 20.0038 20.0068 20.0118 20.0202 20.0337 20.0552 20.0887 20.1398 20.2161 20.3278 20.4879 20.7128 21.0224 21.44 21.9921 22.7072 23.6151 24.745 26.1232 27.771 29.7024 31.9213 34.4206 37.1803 40.1675 43.3376 46.6358 50
50 46.6358 43.3376 40.1675 37.1803 34.4206 31.9213 29.7024 27.771 26.1232 24.745 23.6151 22.7072 21.9921 21.44 21.0224 20.7128 20.4879 20.3278 20.2161 20.1398 20.0887 20.0552 20.0337 20.0202 20.0118 20.0068 20.0038 20.0021 20.0011 20.0006 20.0003 20.0002 20.0001 20 20 20 20 20 20 20 20 20 20 20 20 20 20 20 20 20 20 20 20 20 20 20 20 20 20 20 20 20 20 20 20 20 20 20 20 20 20 20 20 20 20 20 20 20 20 20 20 20 20 20 20 20 20 20 20 20 20 20 20 20 20 20 20 20 20 20 20 20 20 20 20 20 20 20 20 20 20 20 20 20 20 20 20 20 20 20 20 20 20 20 20 20 20 20 20 20 20 20 20 20 20 20 20 20 20 20 20 20 20 20 20 20 20 20 20 20 20 20 20 20 20 20 20 20 20 20 20 20 20 20 20 20.0001 20.0002 20.0003 20.0006 20.0011 20.0021 20.0038 20.0068 20.0118 20.0202 20.0337 20.0552 20.0887 20.1398 20.2161 20.3278 20.4879 20.7128 21.0224 21.44 21.9921 22.7072 23.6151 24.745 26.1232 27.771 29.7024 31.9213 34.4206 37.1803 40.1675 43.3376 46.6358 50
50 46.6358 43.3376 40.1675 37.1803 34.4206 31.9213 29.7024 27.771 26.1232 24.745 23.6151 22.7072 21.9921 21.44 21.0224 20.7128 20.4879 20.3278 20.2161 20.1398 20.0887 20.0552 20.0337 20.0202 20.0118 20.0068 20.0038 20.0021 20.0011 20.0006 20.0003 20.0002 20.0001 20 20 20 20 20 20 20 20 20 20 20 20 20 20 20 20 20 20 20 20 20 20 20 20 20 20 20 20 20 20 20 20 20 20 20 20 20 20 20 20 20 20 20 20 20 20 20 20 20 20 20 20 20 20 20 20 20 20 20 20 20 20 20 20 20 20 20 20 20 20 20 20 20 20 20 20 20 20 20 20 20 20 20 20 20 20 20 20 20 20 20 20 20 20 20 20 20 20 20 20 20 20 20 20 20 20 20 20 20 20 20 20 20 20 20 20 20 20 20 20 20 20 20 20 20 20 20 20 20 20 20 20 20.0001 20.0002 20.0003 20.0006 20.0011 20.0021 20.0038 20.0068 20.0118 20.0202 20.0337 20.0552 20.0887 20.1398 20.2161 20.3278 20.4879 20.7128 21.0224 21.44 21.9921 22.7072 23.6151 24.745 26.1232 27.771 29.7024 31.9213 34.4206 37.1803 40.1675 43.3376 46.6358 50
50 46.6358 43.3376 40.1675 37.1803 34.4206 31.9213 29.7024 27.771 26.1232 24.745 23.6151 22.7072 21.9921 21.44 21.0224 20.7128 20.4879 20.3278 20.2161 20.1398 20.0887 20.0552 20.0337 20.0202 20.0118 20.0068 20.0038 20.0021 20.0011 20.0006 20.0003 20.0002 20.0001 20 20 20 20 20 20 20 20 20 20 20 20 20 20 20 20 20 20 20 20 20 20 20 20 20 20 20 20 20 20 20 20 20 20 20 20 20 20 20 20 20 20 20 20 20 20 20 20 20 20 20 20 20 20 20 20 20 20 20 20 20 20 20 20 20 20 20 20 20 20 20 20 20 20 20 20 20 20 20 20 20 20 20 20 20 20 20 20 20 20 20 20 20 20 20 20 20 20 20 20 20 20 20 20 20 20 20 20 20 20 20 20 20 20 20 20 20 20 20 20 20 20 20 20 20 20 20 20 20 20 20 20 20.0001 20.0002 20.0003 20.0006 20.0011 20.0021 20.0038 20.0068 20.0118 20.0202 20.0337 20.0552 20.0887 20.1398 20.2161 20.3278 20.4879 20.7128 21.0224 21.44 21.9921 22.7072 23.6151 24.745 26.1232 27.771 29.7024 31.9213 34.4206 37.1803 40.1675 43.3376 46.6358 50
50 46.6358 43.3376 40.1675 37.1803 34.4206 31.9213 29.7024 27.771 26.1232 24.745 23.6151 22.7072 21.9921 21.44 21.0224 20.7128 20.4879 20.3278 20.2161 20.1398 20.0887 20.0552 20.0337 20.0202 20.0118 20.0068 20.0038 20.0021 20.0011 20.0006 20.0003 20.0002 20.0001 20 20 20 20 20 20 20 20 20 20 20 20 20 20 20 20 20 20 20 20 20 20 20 20 20 20 20 20 20 20 20 20 20 20 20 20 20 20 20 20 20 20 20 20 20 20 20 20 20 20 20 20 20 20 20 20 20 20 20 20 20 20 20 20 20 20 20 20 20 20 20 20 20 20 20 20 20 20 20 20 20 20 20 20 20 20 20 20 20 20 20 20 20 20 20 20 20 20 20 20 20 20 20 20 20 20 20 20 20 20 20 20 20 20 20 20 20 20 20 20 20 20 20 20 20 20 20 20 20 20 20 20 20.0001 20.0002 20.0003 20.0006 20.0011 20.0021 20.0038 20.0068 20.0118 20.0202 20.0337 20.0552 20.0887 20.1398 20.2161 20.3278 20.4879 20.7128 21.0224 21.44 21.9921 22.7072 23.6151 24.745 26.1232 27.771 29.7024 31.9213 34.4206 37.1803 40.1675 43.3376 46.6358 50
50 46.6358 43.3376 40.1675 37.1803 34.4206 31.9213 29.7024 27.771 26.1232 24.745 23.6151 22.7072 21.9921 21.44 21.0224 20.7128 20.4879 20.3278 20.2161 20.1398 20.0887 20.0552 20.0337 20.0202 20.0118 20.0068 20.0038 20.0021 20.0011 20.0006 20.0003 20.0002 20.0001 20 20 20 20 20 20 20 20 20 20 20 20 20 20 20 20 20 20 20 20 20 20 20 20 20 20 20 20 20 20 20 20 20 20 20 20 20 20 20 20 20 20 20 20 20 20 20 20 20 20 20 20 20 20 20 20 20 20 20 20 20 20 20 20 20 20 20 20 20 20 20 20 20 20 20 20 20 20 20 20 20 20 20 20 20 20 20 20 20 20 20 20 20 20 20 20 20 20 20 20 20 20 20 20 20 20 20 20 20 20 20 20 20 20 20 20 20 20 20 20 20 20 20 20 20 20 20 20 20 20 20 20 20.0001 20.0002 20.0003 20.0006 20.0011 20.0021 20.0038 20.0068 20.0118 20.0202 20.0337 20.0552 20.0887 20.1398 20.2161 20.3278 20.4879 20.7128 21.0224 21.44 21.9921 22.7072 23.6151 24.745 26.1232 27.771 29.7024 31.9213 34.4206 37.1803 40.1675 43.3376 46.6358 50
50 46.6358 43.3376 40.1675 37.1803 34.4206 31.9213 29.7024 27.771 26.1232 24.745 23.6151 22.7072 21.9921 21.44 21.0224 20.7128 20.4879 20.3278 20.2161 20.1398 20.0887 20.0552 20.0337 20.0202 20.0118 20.0068 20.0038 20.0021 20.0011 20.0006 20.0003 20.0002 20.0001 20 20 20 20 20 20 20 20 20 20 20 20 20 20 20 20 20 20 20 20 20 20 20 20 20 20 20 20 20 20 20 20 20 20 20 20 20 20 20 20 20 20 20 20 20 20 20 20 20 20 20 20 20 20 20 20 20 20 20 20 20 20 20 20 20 20 20 20 20 20 20 20 20 20 20 20 20 20 20 20 20 20 20 20 20 20 20 20 20 20 20 20 20 20 20 20 20 20 20 20 20 20 20 20 20 20 20 20 20 20 20 20 20 20 20 20 20 20 20 20 20 20 20 20 20 20 20 20 20 20 20 20 20.0001 20.0002 20.0003 20.0006 20.0011 20.0021 20.0038 20.0068 20.0118 20.0202 20.0337 20.0552 20.0887 20.1398 20.2161 20.3278 20.4879 20.7128 21.0224 21.44 21.9921 22.7072 23.6151 24.745 26.1232 27.771 29.7024 31.9213 34.4206 37.1803 40.1675 43.3376 46.6358 50
50 46.6358 43.3376 40.1675 37.1803 34.4206 31.9213 29.7024 27.771 26.1232 24.745 23.6151 22.7072 21.9921 21.44 21.0224 20.7128 20.4879 20.3278 20.2161 20.1398 20.0887 20.0552 20.0337 20.0202 20.0118 20.0068 20.0038 20.0021 20.0011 20.0006 20.0003 20.0002 20.0001 20 20 20 20 20 20 20 20 20 20 20 20 20 20 20 20 20 20 20 20 20 20 20 20 20 20 20 20 20 20 20 20 20 20 20 20 20 20 20 20 20 20 20 20 20 20 20 20 20 20 20 20 20 20 20 20 20 20 20 20 20 20 20 20 20 20 20 20 20 20 20 20 20 20 20 20 20 20 20 20 20 20 20 20 20 20 20 20 20 20 20 20 20 20 20 20 20 20 20 20 20 20 20 20 20 20 20 20 20 20 20 20 20 20 20 20 20 20 20 20 20 20 20 20 20 20 20 20 20 20 20 20 20.0001 20.0002 20.0003 20.0006 20.0011 20.0021 20.0038 20.0068 20.0118 20.0202 20.0337 20.0552 20.0887 20.1398 20.2161 20.3278 20.4879 20.7128 21.0224 21.44 21.9921 22.7072 23.6151 24.745 26.1232 27.771 29.7024 31.9213 34.4206 37.1803 40.1675 43.3376 46.6358 50
50 46.6358 43.3376 40.1675 37.1803 34.4206 31.9213 29.7024 27.771 26.1232 24.745 23.6151 22.7072 21.9921 21.44 21.0224 20.7128 20.4879 20.3278 20.2161 20.1398 20.0887 20.0552 20.0337 20.0202 20.0118 20.0068 20.0038 20.0021 20.0011 20.0006 20.0003 20.0002 20.0001 20 20 20 20 20 20 20 20 20 20 20 20 20 20 20 20 20 20 20 20 20 20 20 20 20 20 20 20 20 20 20 20 20 20 20 20 20 20 20 20 20 20 20 20 20 20 20 20 20 20 20 20 20 20 20 20 20 20 20 20 20 20 20 20 20 20 20 20 20 20 20 20 20 20 20 20 20 20 20 20 20 20 20 20 20 20 20 20 20 20 20 20 20 20 20 20 20 20 20 20 20 20 20 20 20 20 20 20 20 20 20 20 20 20 20 20 20 20 20 20 20 20 20 20 20 20 20 20 20 20 20 20 20.0001 20.0002 20.0003 20.0006 20.0011 20.0021 20.0038 20.0068 20.0118 20.0202 20.0337 20.0552 20.0887 20.1398 20.2161 20.3278 20.4879 20.7128 21.0224 21.44 21.9921 22.7072 23.6151 24.745 26.1232 27.771 29.7024 31.9213 34.4206 37.1803 40.1675 43.3376 46.6358 50
50 46.6358 43.3376 40.1675 37.1803 34.4206 31.9213 29.7024 27.771 26.1232 24.745 23.6151 22.7072 21.9921 21.44 21.0224 20.7128 20.4879 20.3278 20.2161 20.1398 20.0887 20.0552 20.0337 20.0202 20.0118 20.0068 20.0038 20.0021 20.0011 20.0006 20.0003 20.0002 20.0001 20 20 20 20 20 20 20 20 20 20 20 20 20 20 20 20 20 20 20 20 20 20 20 20 20 20 20 20 20 20 20 20 20 20 20 20 20 20 20 20 20 20 20 20 20 20 20 20 20 20 20 20 20 20 20 20 20 20 20 20 20 20 20 20 20 20 20 20 20 20 20 20 20 20 20 20 20 20 20 20 20 20 20 20 20 20 20 20 20 20 20 20 20 20 20 20 20 20 20 20 20 20 20 20 20 20 20 20 20 20 20 20 20 20 20 20 20 20 20 20 20 20 20 20 20 20 20 20 20 20 20 20 20.0001 20.0002 20.0003 20.0006 20.0011 20.0021 20.0038 20.0068 20.0118 20.0202 20.0337 20.0552 20.0887 20.1398 20.2161 20.3278 20.4879 20.7128 21.0224 21.44 21.9921 22.7072 23.6151 24.745 26.1232 27.771 29.7024 31.9213 34.4206 37.1803 40.1675 43.3376 46.6358 50
50 46.6358 43.3376 40.1675 37.1803 34.4206 31.9213 29.7024 27.771 26.1232 24.745 23.6151 22.7072 21.9921 21.44 21.0224 20.7128 20.4879 20.3278 20.2161 20.1398 20.0887 20.0552 20.0337 20.0202 20.0118 20.0068 20.0038 20.0021 20.0011 20.0006 20.0003 20.0002 20.0001 20 20 20 20 20 20 20 20 20 20 20 20 20 20 20 20 20 20 20 20 20 20 20 20 20 20 20 20 20 20 20 20 20 20 20 20 20 20 20 20 20 20 20 20 20 20 20 20 20 20 20 20 20 20 20 20 20 20 20 20 20 20 20 20 20 20 20 20 20 20 20 20 20 20 20 20 20 20 20 20 20 20 20 20 20 20 20 20 20 20 20 20 20 20 20 20 20 20 20 20 20 20 20 20 20 20 20 20 20 20 20 20 20 20 20 20 20 20 20 20 20 20 20 20 20 20 20 20 20 20 20 20 20.0001 20.0002 20.0003 20.0006 20.0011 20.0021 20.0038 20.0068 20.0118 20.0202 20.0337 20.0552 20.0887 20.1398 20.2161 20.3278 20.4879 20.7128 21.0224 21.44 21.9921 22.7072 23.6151 24.745 26.1232 27.771 29.7024 31.9213 34.4206 37.1803 40.1675 43.3376 46.6358 50
50 46.6358 43.3376 40.1675 37.1803 34.4206 31.9213 29.7024 27.771 26.1232 24.745 23.6151 22.7072 21.9921 21.44 21.0224 20.7128 20.4879 20.3278 20.2161 20.1398 20.0887 20.0552 20.0337 20.0202 20.0118 20.0068 20.0038 20.0021 20.0011 20.0006 20.0003 20.0002 20.0001 20 20 20 20 20 20 20 20 20 20 20 20 20 20 20 20 20 20 20 20 20 20 20 20 20 20 20 20 20 20 20 20 20 20 20 20 20 20 20 20 20 20 20 20 20 20 20 20 20 20 20 20 20 20 20 20 20 20 20 20 20 20 20 20 20 20 20 20 20 20 20 20 20 20 20 20 20 20 20 20 20 20 20 20 20 20 20 20 20 20 20 20 20 20 20 20 20 20 20 20 20 20 20 20 20 20 20 20 20 20 20 20 20 20 20 20 20 20 20 20 20 20 20 20 20 20 20 20 20 20 20 20 20.0001 20.0002 20.0003 20.0006 20.0011 20.0021 20.0038 20.0068 20.0118 20.0202 20.0337 20.0552 20.0887 20.1398 20.2161 20.3278 20.4879 20.7128 21.0224 21.44 21.9921 22.7072 23.6151 24.745 26.1232 27.771 29.7024 31.9213 34.4206 37.1803 40.1675 43.3376 46.6358 50
50 46.6358 43.3376 40.1675 37.1803 34.4206 31.9213 29.7024 27.771 26.1232 24.745 23.6151 22.7072 21.9921 21.44 21.0224 20.7128 20.4879 20.3278 20.2161 20.1398 20.0887 20.0552 20.0337 20.0202 20.0118 20.0068 20.0038 20.0021 20.0011 20.0006 20.0003 20.0002 20.0001 20 20 20 20 20 20 20 20 20 20 20 20 20 20 20 20 20 20 20 20 20 20 20 20 20 20 20 20 20 20 20 20 20 20 20 20 20 20 20 20 20 20 20 20 20 20 20 20 20 20 20 20 20 20 20 20 20 20 20 20 20 20 20 20 20 20 20 20 20 20 20 20 20 20 20 20 20 20 20 20 20 20 20 20 20 20 20 20 20 20 20 20 20 20 20 20 20 20 20 20 20 20 20 20 20 20 20 20 20 20 20 20 20 20 20 20 20 20 20 20 20 20 20 20 20 20 20 20 20 20 20 20 20.0001 20.0002 20.0003 20.0006 20.0011 20.0021 20.0038 20.0068 20.0118 20.0202 20.0337 20.0552 20.0887 20.1398 20.2161 20.3278 20.4879 20.7128 21.0224 21.44 21.9921 22.7072 23.6151 24.745 26.1232 27.771 29.7024 31.9213 34.4206 37.1803 40.1675 43.3376 46.6358 50
50 46.6358 43.3376 40.1675 37.1803 34.4206 31.9213 29.7024 27.771 26.1232 24.745 23.6151 22.7072 21.9921 21.44 21.0224 20.7128 20.4879 20.3278 20.2161 20.1398 20.0887 20.0552 20.0337 20.0202 20.0118 20.0068 20.0038 20.0021 20.0011 20.0006 20.0003 20.0002 20.0001 20 20 20 20 20 20 20 20 20 20 20 20 20 20 20 20 20 20 20 20 20 20 20 20 20 20 20 20 20 20 20 20 20 20 20 20 20 20 20 20 20 20 20 20 20 20 20 20 20 20 20 20 20 20 20 20 20 20 20 20 20 20 20 20 20 20 20 20 20 20 20 20 20 20 20 20 20 20 20 20 20 20 20 20 20 20 20 20 20 20 20 20 20 20 20 20 20 20 20 20 20 20 20 20 20 20 20 20 20 20 20 20 20 20 20 20 20 20 20 20 20 20 20 20 20 20 20 20 20 20 20 20 20.0001 20.0002 20.0003 20.0006 20.0011 20.0021 20.0038 20.0068 20.0118 20.0202 20.0337 20.0552 20.0887 20.1398 20.2161 20.3278 20.4879 20.7128 21.0224 21.44 21.9921 22.7072 23.6151 24.745 26.1232 27.771 29.7024 31.9213 34.4206 37.1803 40.1675 43.3376 46.6358 50
50 46.6358 43.3376 40.1675 37.1803 34.4206 31.9213 29.7024 27.771 26.1232 24.745 23.6151 22.7072 21.9921 21.44 21.0224 20.7128 20.4879 20.3278 20.2161 20.1398 20.0887 20.0552 20.0337 20.0202 20.0118 20.0068 20.0038 20.0021 20.0011 20.0006 20.0003 20.0002 20.0001 20 20 20 20 20 20 20 20 20 20 20 20 20 20 20 20 20 20 20 20 20 20 20 20 20 20 20 20 20 20 20 20 20 20 20 20 20 20 20 20 20 20 20 20 20 20 20 20 20 20 20 20 20 20 20 20 20 20 20 20 20 20 20 20 20 20 20 20 20 20 20 20 20 20 20 20 20 20 20 20 20 20 20 20 20 20 20 20 20 20 20 20 20 20 20 20 20 20 20 20 20 20 20 20 20 20 20 20 20 20 20 20 20 20 20 20 20 20 20 20 20 20 20 20 20 20 20 20 20 20 20 20 20.0001 20.0002 20.0003 20.0006 20.0011 20.0021 20.0038 20.0068 20.0118 20.0202 20.0337 20.0552 20.0887 20.1398 20.2161 20.3278 20.4879 20.7128 21.0224 21.44 21.9921 22.7072 23.6151 24.745 26.1232 27.771 29.7024 31.9213 34.4206 37.1803 40.1675 43.3376 46.6358 50
50 46.6358 43.3376 40.1675 37.1803 34.4206 31.9213 29.7024 27.771 26.1232 24.745 23.6151 22.7072 21.9921 21.44 21.0224 20.7128 20.4879 20.3278 20.2161 20.1398 20.0887 20.0552 20.0337 20.0202 20.0118 20.0068 20.0038 20.0021 20.0011 20.0006 20.0003 20.0002 20.0001 20 20 20 20 20 20 20 20 20 20 20 20 20 20 20 20 20 20 20 20 20 20 20 20 20 20 20 20 20 20 20 20 20 20 20 20 20 20 20 20 20 20 20 20 20 20 20 20 20 20 20 20 20 20 20 20 20 20 20 20 20 20 20 20 20 20 20 20 20 20 20 20 20 20 20 20 20 20 20 20 20 20 20 20 20 20 20 20 20 20 20 20 20 20 20 20 20 20 20 20 20 20 20 20 20 20 20 20 20 20 20 20 20 20 20 20 20 20 20 20 20 20 20 20 20 20 20 20 20 20 20 20 20.0001 20.0002 20.0003 20.0006 20.0011 20.0021 20.0038 20.0068 20.0118 20.0202 20.0337 20.0552 20.0887 20.1398 20.2161 20.3278 20.4879 20.7128 21.0224 21.44 21.9921 22.7072 23.6151 24.745 26.1232 27.771 29.7024 31.9213 34.4206 37.1803 40.1675 43.3376 46.6358 50
50 46.6358 43.3376 40.1675 37.1803 34.4206 31.9213 29.7024 27.771 26.1232 24.745 23.6151 22.7072 21.9921 21.44 21.0224 20.7128 20.4879 20.3278 20.2161 20.1398 20.0887 20.0552 20.0337 20.0202 20.0118 20.0068 20.0038 20.0021 20.0011 20.0006 20.0003 20.0002 20.0001 20 20 20 20 20 20 20 20 20 20 20 20 20 20 20 20 20 20 20 20 20 20 20 20 20 20 20 20 20 20 20 20 20 20 20 20 20 20 20 20 20 20 20 20 20 20 20 20 20 20 20 20 20 20 20 20 20 20 20 20 20 20 20 20 20 20 20 20 20 20 20 20 20 20 20 20 20 20 20 20 20 20 20 20 20 20 20 20 20 20 20 20 20 20 20 20 20 20 20 20 20 20 20 20 20 20 20 20 20 20 20 20 20 20 20 20 20 20 20 20 20 20 20 20 20 20 20 20 20 20 20 20 20.0001 20.0002 20.0003 20.0006 20.0011 20.0021 20.0038 20.0068 20.0118 20.0202 20.0337 20.0552 20.0887 20.1398 20.2161 20.3278 20.4879 20.7128 21.0224 21.44 21.9921 22.7072 23.6151 24.745 26.1232 27.771 29.7024 31.9213 34.4206 37.1803 40.1675 43.3376 46.6358 50
50 46.6358 43.3376 40.1675 37.1803 34.4206 31.9213 29.7024 27.771 26.1232 24.745 23.6151 22.7072 21.9921 21.44 21.0224 20.7128 20.4879 20.3278 20.2161 20.1398 20.0887 20.0552 20.0337 20.0202 20.0118 20.0068 20.0038 20.0021 20.0011 20.0006 20.0003 20.0002 20.0001 20 20 20 20 20 20 20 20 20 20 20 20 20 20 20 20 20 20 20 20 20 20 20 20 20 20 20 20 20 20 20 20 20 20 20 20 20 20 20 20 20 20 20 20 20 20 20 20 20 20 20 20 20 20 20 20 20 20 20 20 20 20 20 20 20 20 20 20 20 20 20 20 20 20 20 20 20 20 20 20 20 20 20 20 20 20 20 20 20 20 20 20 20 20 20 20 20 20 20 20 20 20 20 20 20 20 20 20 20 20 20 20 20 20 20 20 20 20 20 20 20 20 20 20 20 20 20 20 20 20 20 20 20.0001 20.0002 20.0003 20.0006 20.0011 20.0021 20.0038 20.0068 20.0118 20.0202 20.0337 20.0552 20.0887 20.1398 20.2161 20.3278 20.4879 20.7128 21.0224 21.44 21.9921 22.7072 23.6151 24.745 26.1232 27.771 29.7024 31.9213 34.4206 37.1803 40.1675 43.3376 46.6358 50
50 46.6358 43.3376 40.1675 37.1803 34.4206 31.9213 29.7024 27.771 26.1232 24.745 23.6151 22.7072 21.9921 21.44 21.0224 20.7128 20.4879 20.3278 20.2161 20.1398 20.0887 20.0552 20.0337 20.0202 20.0118 20.0068 20.0038 20.0021 20.0011 20.0006 20.0003 20.0002 20.0001 20 20 20 20 20 20 20 20 20 20 20 20 20 20 20 20 20 20 20 20 20 20 20 20 20 20 20 20 20 20 20 20 20 20 20 20 20 20 20 20 20 20 20 20 20 20 20 20 20 20 20 20 20 20 20 20 20 20 20 20 20 20 20 20 20 20 20 20 20 20 20 20 20 20 20 20 20 20 20 20 20 20 20 20 20 20 20 20 20 20 20 20 20 20 20 20 20 20 20 20 20 20 20 20 20 20 20 20 20 20 20 20 20 20 20 20 20 20 20 20 20 20 20 20 20 20 20 20 20 20 20 20 20.0001 20.0002 20.0003 20.0006 20.0011 20.0021 20.0038 20.0068 20.0118 20.0202 20.0337 20.0552 20.0887 20.1398 20.2161 20.3278 20.4879 20.7128 21.0224 21.44 21.9921 22.7072 23.6151 24.745 26.1232 27.771 29.7024 31.9213 34.4206 37.1803 40.1675 43.3376 46.6358 50
50 46.6358 43.3376 40.1675 37.1803 34.4206 31.9213 29.7024 27.771 26.1232 24.745 23.6151 22.7072 21.9921 21.44 21.0224 20.7128 20.4879 20.3278 20.2161 20.1398 20.0887 20.0552 20.0337 20.0202 20.0118 20.0068 20.0038 20.0021 20.0011 20.0006 20.0003 20.0002 20.0001 20 20 20 20 20 20 20 20 20 20 20 20 20 20 20 20 20 20 20 20 20 20 20 20 20 20 20 20 20 20 20 20 20 20 20 20 20 20 20 20 20 20 20 20 20 20 20 20 20 20 20 20 20 20 20 20 20 20 20 20 20 20 20 20 20 20 20 20 20 20 20 20 20 20 20 20 20 20 20 20 20 20 20 20 20 20 20 20 20 20 20 20 20 20 20 20 20 20 20 20 20 20 20 20 20 20 20 20 20 20 20 20 20 20 20 20 20 20 20 20 20 20 20 20 20 20 20 20 20 20 20 20 20.0001 20.0002 20.0003 20.0006 20.0011 20.0021 20.0038 20.0068 20.0118 20.0202 20.0337 20.0552 20.0887 20.1398 20.2161 20.3278 20.4879 20.7128 21.0224 21.44 21.9921 22.7072 23.6151 24.745 26.1232 27.771 29.7024 31.9213 34.4206 37.1803 40.1675 43.3376 46.6358 50
50 46.6358 43.3376 40.1675 37.1803 34.4206 31.9213 29.7024 27.771 26.1232 24.745 23.6151 22.7072 21.9921 21.44 21.0224 20.7128 20.4879 20.3278 20.2161 20.1398 20.0887 20.0552 20.0337 20.0202 20.0118 20.0068 20.0038 20.0021 20.0011 20.0006 20.0003 20.0002 20.0001 20 20 20 20 20 20 20 20 20 20 20 20 20 20 20 20 20 20 20 20 20 20 20 20 20 20 20 20 20 20 20 20 20 20 20 20 20 20 20 20 20 20 20 20 20 20 20 20 20 20 20 20 20 20 20 20 20 20 20 20 20 20 20.0001 20.0001 20.0001 20.0001 20.0001 20.0001 20.0001 20.0001 20.0001 20 20 20 20 20 20 20 20 20 20 20 20 20 20 20 20 20 20 20 20 20 20 20 20 20 20 20 20 20 20 20 20 20 20 20 20 20 20 20 20 20 20 20 20 20 20 20 20 20 20 20 20 20 20 20 20 20 20 20 20 20 20.0001 20.0002 20.0003 20.0006 20.0011 20.0021 20.0038 20.0068 20.0118 20.0202 20.0337 20.0552 20.0887 20.1398 20.2161 20.3278 20.4879 20.7128 21.0224 21.44 21.9921 22.7072 23.6151 24.745 26.1232 27.771 29.7024 31.9213 34.4206 37.1803 40.1675 43.3376 46.6358 50
50 46.6358 43.3376 40.1675 37.1803 34.4206 31.9213 29.7024 27.771 26.1232 24.745 23.6151 22.7072 21.9921 21.44 21.0224 20.7128 20.4879 20.3278 20.2161 20.1398 20.0887 20.0552 20.0337 20.0202 20.0118 20.0068 20.0038 20.0021 20.0011 20.0006 20.0003 20.0002 20.0001 20 20 20 20 20 20 20 20 20 20 20 20 20 20 20 20 20 20 20 20 20 20 20 20 20 20 20 20 20 20 20 20 20 20 20 20 20 20 20 20 20 20 20 20 20 20 20 20 20 20 20 20 20 20 20 20 20 20.0001 20.0001 20.0001 20.0001 20.0001 20.0001 20.0001 20.0001 20.0001 20.0001 20.0001 20.0001 20.0001 20.0001 20.0001 20.0001 20.0001 20.0001 20.0001 20 20 20 20 20 20 20 20 20 20 20 20 20 20 20 20 20 20 20 20 20 20 20 20 20 20 20 20 20 20 20 20 20 20 20 20 20 20 20 20 20 20 20 20 20 20 20 20 20 20 20 20 20 20 20 20 20.0001 20.0002 20.0003 20.0006 20.0011 20.0021 20.0038 20.0068 20.0118 20.0202 20.0337 20.0552 20.0887 20.1398 20.2161 20.3278 20.4879 20.7128 21.0224 21.44 21.9921 22.7072 23.6151 24.745 26.1232 27.771 29.7024 31.9213 34.4206 37.1803 40.1675 43.3376 46.6358 50
50 46.6358 43.3376 40.1675 37.1803 34.4206 31.9213 29.7024 27.771 26.1232 24.745 23.6151 22.7072 21.9921 21.44 21.0224 20.7128 20.4879 20.3278 20.2161 20.1398 20.0887 20.0552 20.0337 20.0202 20.0118 20.0068 20.0038 20.0021 20.0011 20.0006 20.0003 20.0002 20.0001 20 20 20 20 20 20 20 20 20 20 20 20 20 20 20 20 20 20 20 20 20 20 20 20 20 20 20 20 20 20 20 20 20 20 20 20 20 20 20 20 20 20 20 20 20 20 20 20 20 20 20 20 20 20 20.0001 20.0001 20.0001 20.0001 20.0001 20.0001 20.0002 20.0002 20.0002 20.0002 20.0002 20.0002 20.0002 20.0002 20.0002 20.0002 20.0002 20.0002 20.0002 20.0001 20.0001 20.0001 20.0001 20.0001 20.0001 20 20 20 20 20 20 20 20 20 20 20 20 20 20 20 20 20 20 20 20 20 20 20 20 20 20 20 20 20 20 20 20 20 20 20 20 20 20 20 20 20 20 20 20 20 20 20 20 20 20 20 20 20 20.0001 20.0002 20.0003 20.0006 20.0011 20.0021 20.0038 20.0068 20.0118 20.0202 20.0337 20.0552 20.0887 20.1398 20.2161 20.3278 20.4879 20.7128 21.0224 21.44 21.9921 22.7072 23.6151 24.745 26.1232 27.771 29.7024 31.9213 34.4206 37.1803 40.1675 43.3376 46.6358 50
50 46.6358 43.3376 40.1675 37.1803 34.4206 31.9213 29.7024 27.771 26.1232 24.745 23.6151 22.7072 21.9921 21.44 21.0224 20.7128 20.4879 20.3278 20.2161 20.1398 20.0887 20.0552 20.0337 20.0202 20.0118 20.0068 20.0038 20.0021 20.0011 20.0006 20.0003 20.0002 20.0001 20 20 20 20 20 20 20 20 20 20 20 20 20 20 20 20 20 20 20 20 20 20 20 20 20 20 20 20 20 20 20 20 20 20 20 20 20 20 20 20 20 20 20 20 20 20 20 20 20 20 20 20.0001 20.0001 20.0001 20.0001 20.0002 20.0002 20.0002 20.0002 20.0003 20.0003 20.0004 20.0004 20.0004 20.0004 20.0004 20.0004 20.0004 20.0004 20.0004 20.0004 20.0004 20.0003 20.0003 20.0002 20.0002 20.0002 20.0002 20.0001 20.0001 20.0001 20.0001 20 20 20 20 20 20 20 20 20 20 20 20 20 20 20 20 20 20 20 20 20 20 20 20 20 20 20 20 20 20 20 20 20 20 20 20 20 20 20 20 20 20 20 20 20 20 20 20 20 20 20.0001 20.0002 20.0003 20.0006 20.0011 20.0021 20.0038 20.0068 20.0118 20.0202 20.0337 20.0552 20.0887 20.1398 20.2161 20.3278 20.4879 20.7128 21.0224 21.44 21.9921 22.7072 23.6151 24.745 26.1232 27.771 29.7024 31.9213 34.4206 37.1803 40.1675 43.3376 46.6358 50
50 46.6358 43.3376 40.1675 37.1803 34.4206 31.9213 29.7024 27.771 26.1232 24.745 23.6151 22.7072 21.9921 21.44 21.0224 20.7128 20.4879 20.3278 20.2161 20.1398 20.0887 20.0552 20.0337 20.0202 20.0118 20.0068 20.0038 20.0021 20.0011 20.0006 20.0003 20.0002 20.0001 20 20 20 20 20 20 20 20 20 20 20 20 20 20 20 20 20 20 20 20 20 20 20 20 20 20 20 20 20 20 20 20 20 20 20 20 20 20 20 20 20 20 20 20 20 20 20 20 20 20.0001 20.0001 20.0001 20.0001 20.0002 20.0002 20.0003 20.0003 20.0004 20.0005 20.0005 20.0006 20.0006 20.0007 20.0007 20.0008 20.0008 20.0008 20.0008 20.0008 20.0007 20.0007 20.0006 20.0006 20.0005 20.0005 20.0004 20.0003 20.0003 20.0002 20.0002 20.0001 20.0001 20.0001 20.0001 20 20 20 20 20 20 20 20 20 20 20 20 20 20 20 20 20 20 20 20 20 20 20 20 20 20 20 20 20 20 20 20 20 20 20 20 20 20 20 20 20 20 20 20 20 20 20 20 20.0001 20.0002 20.0003 20.0006 20.0011 20.0021 20.0038 20.0068 20.0118 20.0202 20.0337 20.0552 20.0887 20.1398 20.2161 20.3278 20.4879 20.7128 21.0224 21.44 21.9921 22.7072 23.6151 24.745 26.1232 27.771 29.7024 31.9213 34.4206 37.1803 40.1675 43.3376 46.6358 50
50 46.6358 43.3376 40.1675 37.1803 34.4206 31.9213 29.7024 27.771 26.1232 24.745 23.6151 22.7072 21.9921 21.44 21.0224 20.7128 20.4879 20.3278 20.2161 20.1398 20.0887 20.0552 20.0337 20.0202 20.0118 20.0068 20.0038 20.0021 20.0011 20.0006 20.0003 20.0002 20.0001 20 20 20 20 20 20 20 20 20 20 20 20 20 20 20 20 20 20 20 20 20 20 20 20 20 20 20 20 20 20 20 20 20 20 20 20 20 20 20 20 20 20 20 20 20 20 20 20.0001 20.0001 20.0001 20.0001 20.0002 20.0002 20.0003 20.0004 20.0005 20.0006 20.0007 20.0008 20.001 20.001 20.0012 20.0012 20.0014 20.0014 20.0015 20.0014 20.0015 20.0014 20.0014 20.0012 20.0012 20.001 20.001 20.0008 20.0007 20.0006 20.0005 20.0004 20.0003 20.0002 20.0002 20.0001 20.0001 20.0001 20.0001 20 20 20 20 20 20 20 20 20 20 20 20 20 20 20 20 20 20 20 20 20 20 20 20 20 20 20 20 20 20 20 20 20 20 20 20 20 20 20 20 20 20 20 20 20 20 20.0001 20.0002 20.0003 20.0006 20.0011 20.0021 20.0038 20.0068 20.0118 20.0202 20.0337 20.0552 20.0887 20.1398 20.2161 20.3278 20.4879 20.7128 21.0224 21.44 21.9921 22.7072 23.6151 24.745 26.1232 27.771 29.7024 31.9213 34.4206 37.1803 40.1675 43.3376 46.6358 50
50 46.6358 43.3376 40.1675 37.1803 34.4206 31.9213 29.7024 27.771 26.1232 24.745 23.6151 22.7072 21.9921 21.44 21.0224 20.7128 20.4879 20.3278 20.2161 20.1398 20.0887 20.0552 20.0337 20.0202 20.0118 20.0068 20.0038 20.0021 20.0011 20.0006 20.0003 20.0002 20.0001 20 20 20 20 20 20 20 20 20 20 20 20 20 20 20 20 20 20 20 20 20 20 20 20 20 20 20 20 20 20 20 20 20 20 20 20 20 20 20 20 20 20 20 20 20 20 20.0001 20.0001 20.0002 20.0002 20.0003 20.0003 20.0005 20.0006 20.0008 20.0009 20.0011 20.0013 20.0015 20.0017 20.002 20.0021 20.0023 20.0024 20.0026 20.0025 20.0027 20.0025 20.0026 20.0024 20.0023 20.0021 20.002 20.0017 20.0015 20.0013 20.0011 20.0009 20.0008 20.0006 20.0005 20.0003 20.0003 20.0002 20.0002 20.0001 20.0001 20 20 20 20 20 20 20 20 20 20 20 20 20 20 20 20 20 20 20 20 20 20 20 20 20 20 20 20 20 20 20 20 20 20 20 20 20 20 20 20 20 20 20 20 20 20.0001 20.0002 20.0003 20.0006 20.0011 20.0021 20.0038 20.0068 20.0118 20.0202 20.0337 20.0552 20.0887 20.1398 20.2161 20.3278 20.4879 20.7128 21.0224 21.44 21.9921 22.7072 23.6151 24.745 26.1232 27.771 29.7024 31.9213 34.4206 37.1803 40.1675 43.3376 46.6358 50
50 46.6358 43.3376 40.1675 37.1803 34.4206 31.9213 29.7024 27.771 26.1232 24.745 23.6151 22.7072 21.9921 21.44 21.0224 20.7128 20.4879 20.3278 20.2161 20.1398 20.0887 20.0552 20.0337 20.0202 20.0118 20.0068 20.0038 20.0021 20.0011 20.0006 20.0003 20.0002 20.0001 20 20 20 20 20 20 20 20 20 20 20 20 20 20 20 20 20 20 20 20 20 20 20 20 20 20 20 20 20 20 20 20 20 20 20 20 20 20 20 20 20 20 20 20 20.0001 20.0001 20.0001 20.0002 20.0003 20.0004 20.0005 20.0007 20.0008 20.0011 20.0013 20.0017 20.0019 20.0023 20.0026 20.0031 20.0033 20.0038 20.0039 20.0044 20.0044 20.0047 20.0045 20.0047 20.0044 20.0044 20.0039 20.0038 20.0033 20.0031 20.0026 20.0023 20.0019 20.0017 20.0013 20.0011 20.0008 20.0007 20.0005 20.0004 20.0003 20.0002 20.0001 20.0001 20.0001 20 20 20 20 20 20 20 20 20 20 20 20 20 20 20 20 20 20 20 20 20 20 20 20 20 20 20 20 20 20 20 20 20 20 20 20 20 20 20 20 20 20 20 20.0001 20.0002 20.0003 20.0006 20.0011 20.0021 20.0038 20.0068 20.0118 20.0202 20.0337 20.0552 20.0887 20.1398 20.2161 20.3278 20.4879 20.7128 21.0224 21.44 21.9921 22.7072 23.6151 24.745 26.1232 27.771 29.7024 31.9213 34.4206 37.1803 40.1675 43.3376 46.6358 50
50 46.6358 43.3376 40.1675 37.1803 34.4206 31.9213 29.7024 27.771 26.1232 24.745 23.6151 22.7072 21.9921 21.44 21.0224 20.7128 20.4879 20.3278 20.2161 20.1398 20.0887 20.0552 20.0337 20.0202 20.0118 20.0068 20.0038 20.0021 20.0011 20.0006 20.0003 20.0002 20.0001 20 20 20 20 20 20 20 20 20 20 20 20 20 20 20 20 20 20 20 20 20 20 20 20 20 20 20 20 20 20 20 20 20 20 20 20 20 20 20 20 20 20 20 20.0001 20.0001 20.0001 20.0002 20.0003 20.0005 20.0006 20.0009 20.0011 20.0015 20.0018 20.0023 20.0027 20.0034 20.0038 20.0047 20.0051 20.006 20.0063 20.0071 20.0072 20.0078 20.0077 20.0081 20.0077 20.0078 20.0072 20.0071 20.0063 20.006 20.0051 20.0047 20.0038 20.0034 20.0027 20.0023 20.0018 20.0015 20.0011 20.0009 20.0006 20.0005 20.0003 20.0002 20.0001 20.0001 20.0001 20 20 20 20 20 20 20 20 20 20 20 20 20 20 20 20 20 20 20 20 20 20 20 20 20 20 20 20 20 20 20 20 20 20 20 20 20 20 20 20 20 20 20.0001 20.0002 20.0003 20.0006 20.0011 20.0021 20.0038 20.0068 20.0118 20.0202 20.0337 20.0552 20.0887 20.1398 20.2161 20.3278 20.4879 20.7128 21.0224 21.44 21.9921 22.7072 23.6151 24.745 26.1232 27.771 29.7024 31.9213 34.4206 37.1803 40.1675 43.3376 46.6358 50
50 46.6358 43.3376 40.1675 37.1803 34.4206 31.9213 29.7024 27.771 26.1232 24.745 23.6151 22.7072 21.9921 21.44 21.0224 20.7128 20.4879 20.3278 20.2161 20.1398 20.0887 20.0552 20.0337 20.0202 20.0118 20.0068 20.0038 20.0021 20.0011 20.0006 20.0003 20.0002 20.0001 20 20 20 20 20 20 20 20 20 20 20 20 20 20 20 20 20 20 20 20 20 20 20 20 20 20 20 20 20 20 20 20 20 20 20 20 20 20 20 20 20 20.0001 20.0001 20.0001 20.0002 20.0003 20.0004 20.0006 20.0007 20.0011 20.0014 20.002 20.0024 20.0032 20.0037 20.0049 20.0055 20.0069 20.0076 20.009 20.0096 20.0111 20.0115 20.0127 20.0127 20.0135 20.0132 20.0135 20.0127 20.0127 20.0115 20.0111 20.0096 20.009 20.0076 20.0069 20.0055 20.0049 20.0037 20.0032 20.0024 20.002 20.0014 20.0011 20.0007 20.0006 20.0004 20.0003 20.0002 20.0001 20.0001 20.0001 20 20 20 20 20 20 20 20 20 20 20 20 20 20 20 20 20 20 20 20 20 20 20 20 20 20 20 20 20 20 20 20 20 20 20 20 20 20 20 20 20.0001 20.0002 20.0003 20.0006 20.0011 20.0021 20.0038 20.0068 20.0118 20.0202 20.0337 20.0552 20.0887 20.1398 20.2161 20.3278 20.4879 20.7128 21.0224 21.44 21.9921 22.7072 23.6151 24.745 26.1232 27.771 29.7024 31.9213 34.4206 37.1803 40.1675 43.3376 46.6358 50
50 46.6358 43.3376 40.1675 37.1803 34.4206 31.9213 29.7024 27.771 26.1232 24.745 23.6151 22.7072 21.9921 21.44 21.0224 20.7128 20.4879 20.3278 20.2161 20.1398 20.0887 20.0552 20.0337 20.0202 20.0118 20.0068 20.0038 20.0021 20.0011 20.0006 20.0003 20.0002 20.0001 20 20 20 20 20 20 20 20 20 20 20 20 20 20 20 20 20 20 20 20 20 20 20 20 20 20 20 20 20 20 20 20 20 20 20 20 20 20 20 20 20.0001 20.0001 20.0001 20.0002 20.0003 20.0004 20.0007 20.0009 20.0014 20.0017 20.0025 20.003 20.0042 20.005 20.0066 20.0076 20.0097 20.0108 20.0131 20.0143 20.0167 20.0176 20.0197 20.0202 20.0218 20.0216 20.0226 20.0216 20.0218 20.0202 20.0197 20.0176 20.0167 20.0143 20.0131 20.0108 20.0097 20.0076 20.0066 20.005 20.0042 20.003 20.0025 20.0017 20.0014 20.0009 20.0007 20.0004 20.0003 20.0002 20.0001 20.0001 20.0001 20 20 20 20 20 20 20 20 20 20 20 20 20 20 20 20 20 20 20 20 20 20 20 20 20 20 20 20 20 20 20 20 20 20 20 20 20 20 20 20.0001 20.0002 20.0003 20.0006 20.0011 20.0021 20.0038 20.0068 20.0118 20.0202 20.0337 20.0552 20.0887 20.1398 20.2161 20.3278 20.4879 20.7128 21.0224 21.44 21.9921 22.7072 23.6151 24.745 26.1232 27.771 29.7024 31.9213 34.4206 37.1803 40.1675 43.3376 46.6358 50
50 46.6358 43.3376 40.1675 37.1803 34.4206 31.9213 29.7024 27.771 26.1232 24.745 23.6151 22.7072 21.9921 21.44 21.0224 20.7128 20.4879 20.3278 20.2161 20.1398 20.0887 20.0552 20.0337 20.0202 20.0118 20.0068 20.0038 20.0021 20.0011 20.0006 20.0003 20.0002 20.0001 20 20 20 20 20 20 20 20 20 20 20 20 20 20 20 20 20 20 20 20 20 20 20 20 20 20 20 20 20 20 20 20 20 20 20 20 20 20 20 20.0001 20.0001 20.0001 20.0002 20.0004 20.0005 20.0008 20.001 20.0016 20.0021 20.003 20.0038 20.0053 20.0064 20.0087 20.0102 20.0131 20.0149 20.0185 20.0204 20.0242 20.026 20.0297 20.0309 20.034 20.0342 20.0363 20.0354 20.0363 20.0342 20.034 20.0309 20.0297 20.026 20.0242 20.0204 20.0185 20.0149 20.0131 20.0102 20.0087 20.0064 20.0053 20.0038 20.003 20.0021 20.0016 20.001 20.0008 20.0005 20.0004 20.0002 20.0001 20.0001 20.0001 20 20 20 20 20 20 20 20 20 20 20 20 20 20 20 20 20 20 20 20 20 20 20 20 20 20 20 20 20 20 20 20 20 20 20 20 20 20 20.0001 20.0002 20.0003 20.0006 20.0011 20.0021 20.0038 20.0068 20.0118 20.0202 20.0337 20.0552 20.0887 20.1398 20.2161 20.3278 20.4879 20.7128 21.0224 21.44 21.9921 22.7072 23.6151 24.745 26.1232 27.771 29.7024 31.9213 34.4206 37.1803 40.1675 43.3376 46.6358 50
50 46.6358 43.3376 40.1675 37.1803 34.4206 31.9213 29.7024 27.771 26.1232 24.745 23.6151 22.7072 21.9921 21.44 21.0224 20.7128 20.4879 20.3278 20.2161 20.1398 20.0887 20.0552 20.0337 20.0202 20.0118 20.0068 20.0038 20.0021 20.0011 20.0006 20.0003 20.0002 20.0001 20 20 20 20 20 20 20 20 20 20 20 20 20 20 20 20 20 20 20 20 20 20 20 20 20 20 20 20 20 20 20 20 20 20 20 20 20 20 20.0001 20.0001 20.0002 20.0002 20.0004 20.0005 20.0009 20.0012 20.0018 20.0024 20.0036 20.0045 20.0065 20.008 20.011 20.0131 20.0172 20.0199 20.025 20.0281 20.034 20.0371 20.0431 20.0455 20.0509 20.0522 20.0563 20.0558 20.0582 20.0558 20.0563 20.0522 20.0509 20.0455 20.0431 20.0371 20.034 20.0281 20.025 20.0199 20.0172 20.0131 20.011 20.008 20.0065 20.0045 20.0036 20.0024 20.0018 20.0012 20.0009 20.0005 20.0004 20.0002 20.0002 20.0001 20.0001 20 20 20 20 20 20 20 20 20 20 20 20 20 20 20 20 20 20 20 20 20 20 20 20 20 20 20 20 20 20 20 20 20 20 20 20 20 20.0001 20.0002 20.0003 20.0006 20.0011 20.0021 20.0038 20.0068 20.0118 20.0202 20.0337 20.0552 20.0887 20.1398 20.2161 20.3278 20.4879 20.7128 21.0224 21.44 21.9921 22.7072 23.6151 24.745 26.1232 27.771 29.7024 31.9213 34.4206 37.1803 40.1675 43.3376 46.6358 50
50 46.6358 43.3376 40.1675 37.1803 34.4206 31.9213 29.7024 27.771 26.1232 24.745 23.6151 22.7072 21.9921 21.44 21.0224 20.7128 20.4879 20.3278 20.2161 20.1398 20.0887 20.0552 20.0337 20.0202 20.0118 20.0068 20.0038 20.0021 20.0011 20.0006 20.0003 20.0002 20.0001 20 20 20 20 20 20 20 20 20 20 20 20 20 20 20 20 20 20 20 20 20 20 20 20 20 20 20 20 20 20 20 20 20 20 20 20 20 20.0001 20.0001 20.0001 20.0002 20.0004 20.0005 20.0009 20.0013 20.002 20.0027 20.0041 20.0053 20.0077 20.0096 20.0134 20.0163 20.0217 20.0256 20.0327 20.0374 20.046 20.051 20.0602 20.0648 20.0737 20.0768 20.0842 20.085 20.0901 20.088 20.0901 20.085 20.0842 20.0768 20.0737 20.0648 20.0602 20.051 20.046 20.0374 20.0327 20.0256 20.0217 20.0163 20.0134 20.0096 20.0077 20.0053 20.0041 20.0027 20.002 20.0013 20.0009 20.0005 20.0004 20.0002 20.0001 20.0001 20.0001 20 20 20 20 20 20 20 20 20 20 20 20 20 20 20 20 20 20 20 20 20 20 20 20 20 20 20 20 20 20 20 20 20 20 20 20 20.0001 20.0002 20.0003 20.0006 20.0011 20.0021 20.0038 20.0068 20.0118 20.0202 20.0337 20.0552 20.0887 20.1398 20.2161 20.3278 20.4879 20.7128 21.0224 21.44 21.9921 22.7072 23.6151 24.745 26.1232 27.771 29.7024 31.9213 34.4206 37.1803 40.1675 43.3376 46.6358 50
50 46.6358 43.3376 40.1675 37.1803 34.4206 31.9213 29.7024 27.771 26.1232 24.745 23.6151 22.7072 21.9921 21.44 21.0224 20.7128 20.4879 20.3278 20.2161 20.1398 20.0887 20.0552 20.0337 20.0202 20.0118 20.0068 20.0038 20.0021 20.0011 20.0006 20.0003 20.0002 20.0001 20 20 20 20 20 20 20 20 20 20 20 20 20 20 20 20 20 20 20 20 20 20 20 20 20 20 20 20 20 20 20 20 20 20 20 20 20 20.0001 20.0001 20.0002 20.0004 20.0005 20.0009 20.0013 20.0021 20.0029 20.0045 20.0059 20.0087 20.0111 20.0158 20.0194 20.0265 20.0317 20.0413 20.048 20.06 20.0676 20.0814 20.0889 20.1029 20.109 20.1216 20.1249 20.1344 20.1336 20.1389 20.1336 20.1344 20.1249 20.1216 20.109 20.1029 20.0889 20.0814 20.0676 20.06 20.048 20.0413 20.0317 20.0265 20.0194 20.0158 20.0111 20.0087 20.0059 20.0045 20.0029 20.0021 20.0013 20.0009 20.0005 20.0004 20.0002 20.0001 20.0001 20 20 20 20 20 20 20 20 20 20 20 20 20 20 20 20 20 20 20 20 20 20 20 20 20 20 20 20 20 20 20 20 20 20 20 20 20.0001 20.0002 20.0003 20.0006 20.0011 20.0021 20.0038 20.0068 20.0118 20.0202 20.0337 20.0552 20.0887 20.1398 20.2161 20.3278 20.4879 20.7128 21.0224 21.44 21.9921 22.7072 23.6151 24.745 26.1232 27.771 29.7024 31.9213 34.4206 37.1803 40.1675 43.3376 46.6358 50
50 46.6358 43.3376 40.1675 37.1803 34.4206 31.9213 29.7024 27.771 26.1232 24.745 23.6151 22.7072 21.9921 21.44 21.0224 20.7128 20.4879 20.3278 20.2161 20.1398 20.0887 20.0552 20.0337 20.0202 20.0118 20.0068 20.0038 20.0021 20.0011 20.0006 20.0003 20.0002 20.0001 20 20 20 20 20 20 20 20 20 20 20 20 20 20 20 20 20 20 20 20 20 20 20 20 20 20 20 20 20 20 20 20 20 20 20 20 20.0001 20.0001 20.0002 20.0004 20.0005 20.0009 20.0013 20.0022 20.003 20.0047 20.0063 20.0095 20.0124 20.0179 20.0225 20.0311 20.0379 20.0503 20.0594 20.0756 20.0866 20.106 20.1178 20.1387 20.1494 20.1694 20.1769 20.1935 20.1958 20.2068 20.2025 20.2068 20.1958 20.1935 20.1769 20.1694 20.1494 20.1387 20.1178 20.106 20.0866 20.0756 20.0594 20.0503 20.0379 20.0311 20.0225 20.0179 20.0124 20.0095 20.0063 20.0047 20.003 20.0022 20.0013 20.0009 20.0005 20.0004 20.0002 20.0001 20.0001 20 20 20 20 20 20 20 20 20 20 20 20 20 20 20 20 20 20 20 20 20 20 20 20 20 20 20 20 20 20 20 20 20 20 20 20.0001 20.0002 20.0003 20.0006 20.0011 20.0021 20.0038 20.0068 20.0118 20.0202 20.0337 20.0552 20.0887 20.1398 20.2161 20.3278 20.4879 20.7128 21.0224 21.44 21.9921 22.7072 23.6151 24.745 26.1232 27.771 29.7024 31.9213 34.4206 37.1803 40.1675 43.3376 46.6358 50
50 46.6358 43.3376 40.1675 37.1803 34.4206 31.9213 29.7024 27.771 26.1232 24.745 23.6151 22.7072 21.9921 21.44 21.0224 20.7128 20.4879 20.3278 20.2161 20.1398 20.0887 20.0552 20.0337 20.0202 20.0118 20.0068 20.0038 20.0021 20.0011 20.0006 20.0003 20.0002 20.0001 20 20 20 20 20 20 20 20 20 20 20 20 20 20 20 20 20 20 20 20 20 20 20 20 20 20 20 20 20 20 20 20 20 20 20 20.0001 20.0001 20.0002 20.0003 20.0005 20.0009 20.0013 20.0021 20.003 20.0048 20.0065 20.0101 20.0133 20.0196 20.025 20.0353 20.0437 20.059 20.0709 20.0919 20.1071 20.1333 20.1506 20.1803 20.1976 20.2278 20.242 20.269 20.2769 20.2971 20.2961 20.3071 20.2961 20.2971 20.2769 20.269 20.242 20.2278 20.1976 20.1803 20.1506 20.1333 20.1071 20.0919 20.0709 20.059 20.0437 20.0353 20.025 20.0196 20.0133 20.0101 20.0065 20.0048 20.003 20.0021 20.0013 20.0009 20.0005 20.0003 20.0002 20.0001 20.0001 20 20 20 20 20 20 20 20 20 20 20 20 20 20 20 20 20 20 20 20 20 20 20 20 20 20 20 20 20 20 20 20 20 20 20.0001 20.0002 20.0003 20.0006 20.0011 20.0021 20.0038 20.0068 20.0118 20.0202 20.0337 20.0552 20.0887 20.1398 20.2161 20.3278 20.4879 20.7128 21.0224 21.44 21.9921 22.7072 23.6151 24.745 26.1232 27.771 29.7024 31.9213 34.4206 37.1803 40.1675 43.3376 46.6358 50
50 46.6358 43.3376 40.1675 37.1803 34.4206 31.9213 29.7024 27.771 26.1232 24.745 23.6151 22.7072 21.9921 21.44 21.0224 20.7128 20.4879 20.3278 20.2161 20.1398 20.0887 20.0552 20.0337 20.0202 20.0118 20.0068 20.0038 20.0021 20.0011 20.0006 20.0003 20.0002 20.0001 20 20 20 20 20 20 20 20 20 20 20 20 20 20 20 20 20 20 20 20 20 20 20 20 20 20 20 20 20 20 20 20 20 20 20 20.0001 20.0001 20.0003 20.0004 20.0008 20.0012 20.002 20.0029 20.0047 20.0065 20.0103 20.0138 20.0207 20.0269 20.0386 20.0486 20.0669 20.0817 20.1078 20.1277 20.1618 20.1859 20.2264 20.2522 20.2958 20.3195 20.361 20.3779 20.4121 20.4179 20.4403 20.4322 20.4403 20.4179 20.4121 20.3779 20.361 20.3195 20.2958 20.2522 20.2264 20.1859 20.1618 20.1277 20.1078 20.0817 20.0669 20.0486 20.0386 20.0269 20.0207 20.0138 20.0103 20.0065 20.0047 20.0029 20.002 20.0012 20.0008 20.0004 20.0003 20.0001 20.0001 20 20 20 20 20 20 20 20 20 20 20 20 20 20 20 20 20 20 20 20 20 20 20 20 20 20 20 20 20 20 20 20 20 20 20.0001 20.0002 20.0003 20.0006 20.0011 20.0021 20.0038 20.0068 20.0118 20.0202 20.0337 20.0552 20.0887 20.1398 20.2161 20.3278 20.4879 20.7128 21.0224 21.44 21.9921 22.7072 23.6151 24.745 26.1232 27.771 29.7024 31.9213 34.4206 37.1803 40.1675 43.3376 46.6358 50
50 46.6358 43.3376 40.1675 37.1803 34.4206 31.9213 29.7024 27.771 26.1232 24.745 23.6151 22.7072 21.9921 21.44 21.0224 20.7128 20.4879 20.3278 20.2161 20.1398 20.0887 20.0552 20.0337 20.0202 20.0118 20.0068 20.0038 20.0021 20.0011 20.0006 20.0003 20.0002 20.0001 20 20 20 20 20 20 20 20 20 20 20 20 20 20 20 20 20 20 20 20 20 20 20 20 20 20 20 20 20 20 20 20 20 20 20.0001 20.0001 20.0002 20.0004 20.0007 20.001 20.0018 20.0027 20.0045 20.0063 20.0101 20.0138 20.0211 20.0278 20.0407 20.0522 20.0731 20.0909 20.1221 20.147 20.1896 20.2215 20.2745 20.3109 20.3708 20.4072 20.4679 20.4981 20.552 20.5695 20.6095 20.6088 20.6299 20.6088 20.6095 20.5695 20.552 20.4981 20.4679 20.4072 20.3708 20.3109 20.2745 20.2215 20.1896 20.147 20.1221 20.0909 20.0731 20.0522 20.0407 20.0278 20.0211 20.0138 20.0101 20.0063 20.0045 20.0027 20.0018 20.001 20.0007 20.0004 20.0002 20.0001 20.0001 20 20 20 20 20 20 20 20 20 20 20 20 20 20 20 20 20 20 20 20 20 20 20 20 20 20 20 20 20 20 20 20 20 20.0001 20.0002 20.0003 20.0006 20.0011 20.0021 20.0038 20.0068 20.0118 20.0202 20.0337 20.0552 20.0887 20.1398 20.2161 20.3278 20.4879 20.7128 21.0224 21.44 21.9921 22.7072 23.6151 24.745 26.1232 27.771 29.7024 31.9213 34.4206 37.1803 40.1675 43.3376 46.6358 50
50 46.6358 43.3376 40.1675 37.1803 34.4206 31.9213 29.7024 27.771 26.1232 24.745 23.6151 22.7072 21.9921 21.44 21.0224 20.7128 20.4879 20.3278 20.2161 20.1398 20.0887 20.0552 20.0337 20.0202 20.0118 20.0068 20.0038 20.0021 20.0011 20.0006 20.0003 20.0002 20.0001 20 20 20 20 20 20 20 20 20 20 20 20 20 20 20 20 20 20 20 20 20 20 20 20 20 20 20 20 20 20 20 20 20 20.0001 20.0001 20.0002 20.0003 20.0006 20.0009 20.0016 20.0024 20.0041 20.0059 20.0095 20.0133 20.0207 20.0278 20.0415 20.0541 20.0772 20.0975 20.1334 20.1634 20.2145 20.2548 20.3212 20.37 20.4488 20.5012 20.5856 20.634 20.7141 20.7493 20.8148 20.8281 20.8702 20.8562 20.8702 20.8281 20.8148 20.7493 20.7141 20.634 20.5856 20.5012 20.4488 20.37 20.3212 20.2548 20.2145 20.1634 20.1334 20.0975 20.0772 20.0541 20.0415 20.0278 20.0207 20.0133 20.0095 20.0059 20.0041 20.0024 20.0016 20.0009 20.0006 20.0003 20.0002 20.0001 20.0001 20 20 20 20 20 20 20 20 20 20 20 20 20 20 20 20 20 20 20 20 20 20 20 20 20 20 20 20 20 20 20 20 20.0001 20.0002 20.0003 20.0006 20.0011 20.0021 20.0038 20.0068 20.0118 20.0202 20.0337 20.0552 20.0887 20.1398 20.2161 20.3278 20.4879 20.7128 21.0224 21.44 21.9921 22.7072 23.6151 24.745 26.1232 27.771 29.7024 31.9213 34.4206 37.1803 40.1675 43.3376 46.6358 50
50 46.6358 43.3376 40.1675 37.1803 34.4206 31.9213 29.7024 27.771 26.1232 24.745 23.6151 22.7072 21.9921 21.44 21.0224 20.7128 20.4879 20.3278 20.2161 20.1398 20.0887 20.0552 20.0337 20.0202 20.0118 20.0068 20.0038 20.0021 20.0011 20.0006 20.0003 20.0002 20.0001 20 20 20 20 20 20 20 20 20 20 20 20 20 20 20 20 20 20 20 20 20 20 20 20 20 20 20 20 20 20 20 20 20 20.0001 20.0002 20.0003 20.0005 20.0007 20.0014 20.0021 20.0036 20.0053 20.0087 20.0124 20.0196 20.0269 20.0407 20.0541 20.0785 20.1011 20.1406 20.1753 20.2342 20.283 20.363 20.4253 20.5247 20.5959 20.7079 20.7793 20.8924 20.9523 21.0522 21.0879 21.1612 21.1626 21.2 21.1626 21.1612 21.0879 21.0522 20.9523 20.8924 20.7793 20.7079 20.5959 20.5247 20.4253 20.363 20.283 20.2342 20.1753 20.1406 20.1011 20.0785 20.0541 20.0407 20.0269 20.0196 20.0124 20.0087 20.0053 20.0036 20.0021 20.0014 20.0007 20.0005 20.0003 20.0002 20.0001 20 20 20 20 20 20 20 20 20 20 20 20 20 20 20 20 20 20 20 20 20 20 20 20 20 20 20 20 20 20 20 20 20.0001 20.0002 20.0003 20.0006 20.0011 20.0021 20.0038 20.0068 20.0118 20.0202 20.0337 20.0552 20.0887 20.1398 20.2161 20.3278 20.4879 20.7128 21.0224 21.44 21.9921 22.7072 23.6151 24.745 26.1232 27.771 29.7024 31.9213 34.4206 37.1803 40.1675 43.3376 46.6358 50
50 46.6358 43.3376 40.1675 37.1803 34.4206 31.9213 29.7024 27.771 26.1232 24.745 23.6151 22.7072 21.9921 21.44 21.0224 20.7128 20.4879 20.3278 20.2161 20.1398 20.0887 20.0552 20.0337 20.0202 20.0118 20.0068 20.0038 20.0021 20.0011 20.0006 20.0003 20.0002 20.0001 20 20 20 20 20 20 20 20 20 20 20 20 20 20 20 20 20 20 20 20 20 20 20 20 20 20 20 20 20 20 20 20 20.0001 20.0001 20.0002 20.0004 20.0006 20.0011 20.0017 20.003 20.0045 20.0077 20.0111 20.0179 20.025 20.0386 20.0522 20.0772 20.1011 20.1432 20.1816 20.2469 20.3035 20.3962 20.472 20.5924 20.6842 20.8266 20.9254 21.0773 21.1691 21.3129 21.3806 21.4972 21.5251 21.5986 21.5764 21.5986 21.5251 21.4972 21.3806 21.3129 21.1691 21.0773 20.9254 20.8266 20.6842 20.5924 20.472 20.3962 20.3035 20.2469 20.1816 20.1432 20.1011 20.0772 20.0522 20.0386 20.025 20.0179 20.0111 20.0077 20.0045 20.003 20.0017 20.0011 20.0006 20.0004 20.0002 20.0001 20.0001 20 20 20 20 20 20 20 20 20 20 20 20 20 20 20 20 20 20 20 20 20 20 20 20 20 20 20 20 20 20 20 20.0001 20.0002 20.0003 20.0006 20.0011 20.0021 20.0038 20.0068 20.0118 20.0202 20.0337 20.0552 20.0887 20.1398 20.2161 20.3278 20.4879 20.7128 21.0224 21.44 21.9921 22.7072 23.6151 24.745 26.1232 27.771 29.7024 31.9213 34.4206 37.1803 40.1675 43.3376 46.6358 50
50 46.6358 43.3376 40.1675 37.1803 34.4206 31.9213 29.7024 27.771 26.1232 24.745 23.6151 22.7072 21.9921 21.44 21.0224 20.7128 20.4879 20.3278 20.2161 20.1398 20.0887 20.0552 20.0337 20.0202 20.0118 20.0068 20.0038 20.0021 20.0011 20.0006 20.0003 20.0002 20.0001 20 20 20 20 20 20 20 20 20 20 20 20 20 20 20 20 20 20 20 20 20 20 20 20 20 20 20 20 20 20 20 20 20.0001 20.0001 20.0003 20.0005 20.0009 20.0014 20.0025 20.0038 20.0065 20.0096 20.0158 20.0225 20.0353 20.0486 20.0731 20.0975 20.1406 20.1816 20.2512 20.3143 20.4175 20.506 20.6461 20.7589 20.9325 21.0616 21.2566 21.3867 21.5829 21.6928 21.8654 21.9327 22.0579 22.0649 22.1263 22.0649 22.0579 21.9327 21.8654 21.6928 21.5829 21.3867 21.2566 21.0616 20.9325 20.7589 20.6461 20.506 20.4175 20.3143 20.2512 20.1816 20.1406 20.0975 20.0731 20.0486 20.0353 20.0225 20.0158 20.0096 20.0065 20.0038 20.0025 20.0014 20.0009 20.0005 20.0003 20.0001 20.0001 20 20 20 20 20 20 20 20 20 20 20 20 20 20 20 20 20 20 20 20 20 20 20 20 20 20 20 20 20 20 20 20.0001 20.0002 20.0003 20.0006 20.0011 20.0021 20.0038 20.0068 20.0118 20.0202 20.0337 20.0552 20.0887 20.1398 20.2161 20.3278 20.4879 20.7128 21.0224 21.44 21.9921 22.7072 23.6151 24.745 26.1232 27.771 29.7024 31.9213 34.4206 37.1803 40.1675 43.3376 46.6358 50
50 46.6358 43.3376 40.1675 37.1803 34.4206 31.9213 29.7024 27.771 26.1232 24.745 23.6151 22.7072 21.9921 21.44 21.0224 20.7128 20.4879 20.3278 20.2161 20.1398 20.0887 20.0552 20.0337 20.0202 20.0118 20.0068 20.0038 20.0021 20.0011 20.0006 20.0003 20.0002 20.0001 20 20 20 20 20 20 20 20 20 20 20 20 20 20 20 20 20 20 20 20 20 20 20 20 20 20 20 20 20 20 20 20.0001 20.0001 20.0002 20.0003 20.0007 20.0011 20.002 20.003 20.0053 20.008 20.0134 20.0194 20.0311 20.0437 20.0669 20.0909 20.1334 20.1753 20.2469 20.3143 20.4248 20.5239 20.6806 20.8131 21.0163 21.1767 21.4164 21.5894 21.8444 22.0058 22.2462 22.367 22.5604 22.6136 22.7333 22.7012 22.7333 22.6136 22.5604 22.367 22.2462 22.0058 21.8444 21.5894 21.4164 21.1767 21.0163 20.8131 20.6806 20.5239 20.4248 20.3143 20.2469 20.1753 20.1334 20.0909 20.0669 20.0437 20.0311 20.0194 20.0134 20.008 20.0053 20.003 20.002 20.0011 20.0007 20.0003 20.0002 20.0001 20.0001 20 20 20 20 20 20 20 20 20 20 20 20 20 20 20 20 20 20 20 20 20 20 20 20 20 20 20 20 20 20 20.0001 20.0002 20.0003 20.0006 20.0011 20.0021 20.0038 20.0068 20.0118 20.0202 20.0337 20.0552 20.0887 20.1398 20.2161 20.3278 20.4879 20.7128 21.0224 21.44 21.9921 22.7072 23.6151 24.745 26.1232 27.771 29.7024 31.9213 34.4206 37.1803 40.1675 43.3376 46.6358 50
50 46.6358 43.3376 40.1675 37.1803 34.4206 31.9213 29.7024 27.771 26.1232 24.745 23.6151 22.7072 21.9921 21.44 21.0224 20.7128 20.4879 20.3278 20.2161 20.1398 20.0887 20.0552 20.0337 20.0202 20.0118 20.0068 20.0038 20.0021 20.0011 20.0006 20.0003 20.0002 20.0001 20 20 20 20 20 20 20 20 20 20 20 20 20 20 20 20 20 20 20 20 20 20 20 20 20 20 20 20 20 20 20 20.0001 20.0001 20.0002 20.0005 20.0008 20.0015 20.0024 20.0042 20.0064 20.011 20.0163 20.0265 20.0379 20.059 20.0817 20.1221 20.1634 20.2342 20.3035 20.4175 20.5239 20.6925 20.8417 21.0701 21.2602 21.5427 21.7605 22.077 22.297 22.6145 22.8018 23.0795 23.1972 23.3964 23.4149 23.5089 23.4149 23.3964 23.1972 23.0795 22.8018 22.6145 22.297 22.077 21.7605 21.5427 21.2602 21.0701 20.8417 20.6925 20.5239 20.4175 20.3035 20.2342 20.1634 20.1221 20.0817 20.059 20.0379 20.0265 20.0163 20.011 20.0064 20.0042 20.0024 20.0015 20.0008 20.0005 20.0002 20.0001 20.0001 20 20 20 20 20 20 20 20 20 20 20 20 20 20 20 20 20 20 20 20 20 20 20 20 20 20 20 20 20 20 20.0001 20.0002 20.0003 20.0006 20.0011 20.0021 20.0038 20.0068 20.0118 20.0202 20.0337 20.0552 20.0887 20.1398 20.2161 20.3278 20.4879 20.7128 21.0224 21.44 21.9921 22.7072 23.6151 24.745 26.1232 27.771 29.7024 31.9213 34.4206 37.1803 40.1675 43.3376 46.6358 50
50 46.6358 43.3376 40.1675 37.1803 34.4206 31.9213 29.7024 27.771 26.1232 24.745 23.6151 22.7072 21.9921 21.44 21.0224 20.7128 20.4879 20.3278 20.2161 20.1398 20.0887 20.0552 20.0337 20.0202 20.0118 20.0068 20.0038 20.0021 20.0011 20.0006 20.0003 20.0002 20.0001 20 20 20 20 20 20 20 20 20 20 20 20 20 20 20 20 20 20 20 20 20 20 20 20 20 20 20 20 20 20 20 20.0001 20.0002 20.0003 20.0006 20.0011 20.0018 20.0032 20.005 20.0087 20.0131 20.0217 20.0317 20.0503 20.0709 20.1078 20.147 20.2145 20.283 20.3962 20.506 20.6806 20.8417 21.0887 21.3042 21.6238 21.8846 22.2609 22.5427 22.9419 23.206 23.5809 23.781 24.0804 24.1732 24.3551 24.3126 24.3551 24.1732 24.0804 23.781 23.5809 23.206 22.9419 22.5427 22.2609 21.8846 21.6238 21.3042 21.0887 20.8417 20.6806 20.506 20.3962 20.283 20.2145 20.147 20.1078 20.0709 20.0503 20.0317 20.0217 20.0131 20.0087 20.005 20.0032 20.0018 20.0011 20.0006 20.0003 20.0002 20.0001 20 20 20 20 20 20 20 20 20 20 20 20 20 20 20 20 20 20 20 20 20 20 20 20 20 20 20 20 20 20 20.0001 20.0002 20.0003 20.0006 20.0011 20.0021 20.0038 20.0068 20.0118 20.0202 20.0337 20.0552 20.0887 20.1398 20.2161 20.3278 20.4879 20.7128 21.0224 21.44 21.9921 22.7072 23.6151 24.745 26.1232 27.771 29.7024 31.9213 34.4206 37.1803 40.1675 43.3376 46.6358 50
50 46.6358 43.3376 40.1675 37.1803 34.4206 31.9213 29.7024 27.771 26.1232 24.745 23.6151 22.7072 21.9921 21.44 21.0224 20.7128 20.4879 20.3278 20.2161 20.1398 20.0887 20.0552 20.0337 20.0202 20.0118 20.0068 20.0038 20.0021 20.0011 20.0006 20.0003 20.0002 20.0001 20 20 20 20 20 20 20 20 20 20 20 20 20 20 20 20 20 20 20 20 20 20 20 20 20 20 20 20 20 20 20.0001 20.0001 20.0002 20.0004 20.0008 20.0013 20.0023 20.0037 20.0066 20.0102 20.0172 20.0256 20.0413 20.0594 20.0919 20.1277 20.1896 20.2548 20.363 20.472 20.6461 20.8131 21.0701 21.3042 21.6518 21.9499 22.3789 22.7207 23.2004 23.5466 24.0261 24.323 24.7403 24.9308 25.2268 25.2653 25.3996 25.2653 25.2268 24.9308 24.7403 24.323 24.0261 23.5466 23.2004 22.7207 22.3789 21.9499 21.6518 21.3042 21.0701 20.8131 20.6461 20.472 20.363 20.2548 20.1896 20.1277 20.0919 20.0594 20.0413 20.0256 20.0172 20.0102 20.0066 20.0037 20.0023 20.0013 20.0008 20.0004 20.0002 20.0001 20.0001 20 20 20 20 20 20 20 20 20 20 20 20 20 20 20 20 20 20 20 20 20 20 20 20 20 20 20 20 20 20.0001 20.0002 20.0003 20.0006 20.0011 20.0021 20.0038 20.0068 20.0118 20.0202 20.0337 20.0552 20.0887 20.1398 20.2161 20.3278 20.4879 20.7128 21.0224 21.44 21.9921 22.7072 23.6151 24.745 26.1232 27.771 29.7024 31.9213 34.4206 37.1803 40.1675 43.3376 46.6358 50
50 46.6358 43.3376 40.1675 37.1803 34.4206 31.9213 29.7024 27.771 26.1232 24.745 23.6151 22.7072 21.9921 21.44 21.0224 20.7128 20.4879 20.3278 20.2161 20.1398 20.0887 20.0552 20.0337 20.0202 20.0118 20.0068 20.0038 20.0021 20.0011 20.0006 20.0003 20.0002 20.0001 20 20 20 20 20 20 20 20 20 20 20 20 20 20 20 20 20 20 20 20 20 20 20 20 20 20 20 20 20 20 20.0001 20.0002 20.0003 20.0005 20.0009 20.0017 20.0027 20.0049 20.0076 20.0131 20.0199 20.0327 20.048 20.0756 20.1071 20.1618 20.2215 20.3212 20.4253 20.5924 20.7589 21.0163 21.2602 21.6238 21.9499 22.4195 22.8143 23.3662 23.7933 24.3774 24.7794 25.3258 25.6336 26.067 26.2161 26.4745 26.4231 26.4745 26.2161 26.067 25.6336 25.3258 24.7794 24.3774 23.7933 23.3662 22.8143 22.4195 21.9499 21.6238 21.2602 21.0163 20.7589 20.5924 20.4253 20.3212 20.2215 20.1618 20.1071 20.0756 20.048 20.0327 20.0199 20.0131 20.0076 20.0049 20.0027 20.0017 20.0009 20.0005 20.0003 20.0002 20.0001 20 20 20 20 20 20 20 20 20 20 20 20 20 20 20 20 20 20 20 20 20 20 20 20 20 20 20 20 20 20.0001 20.0002 20.0003 20.0006 20.0011 20.0021 20.0038 20.0068 20.0118 20.0202 20.0337 20.0552 20.0887 20.1398 20.2161 20.3278 20.4879 20.7128 21.0224 21.44 21.9921 22.7072 23.6151 24.745 26.1232 27.771 29.7024 31.9213 34.4206 37.1803 40.1675 43.3376 46.6358 50
50 46.6358 43.3376 40.1675 37.1803 34.4206 31.9213 29.7024 27.771 26.1232 24.745 23.6151 22.7072 21.9921 21.44 21.0224 20.7128 20.4879 20.3278 20.2161 20.1398 20.0887 20.0552 20.0337 20.0202 20.0118 20.0068 20.0038 20.0021 20.0011 20.0006 20.0003 20.0002 20.0001 20 20 20 20 20 20 20 20 20 20 20 20 20 20 20 20 20 20 20 20 20 20 20 20 20 20 20 20 20 20 20.0001 20.0002 20.0003 20.0006 20.0011 20.0019 20.0034 20.0055 20.0097 20.0149 20.025 20.0374 20.06 20.0866 20.1333 20.1859 20.2745 20.37 20.5247 20.6842 20.9325 21.1767 21.5427 21.8846 22.3789 22.8143 23.4233 23.923 24.6026 25.1099 25.7874 26.2249 26.8118 27.0974 27.5095 27.5775 27.7572 27.5775 27.5095 27.0974 26.8118 26.2249 25.7874 25.1099 24.6026 23.923 23.4233 22.8143 22.3789 21.8846 21.5427 21.1767 20.9325 20.6842 20.5247 20.37 20.2745 20.1859 20.1333 20.0866 20.06 20.0374 20.025 20.0149 20.0097 20.0055 20.0034 20.0019 20.0011 20.0006 20.0003 20.0002 20.0001 20 20 20 20 20 20 20 20 20 20 20 20 20 20 20 20 20 20 20 20 20 20 20 20 20 20 20 20 20 20.0001 20.0002 20.0003 20.0006 20.0011 20.0021 20.0038 20.0068 20.0118 20.0202 20.0337 20.0552 20.0887 20.1398 20.2161 20.3278 20.4879 20.7128 21.0224 21.44 21.9921 22.7072 23.6151 24.745 26.1232 27.771 29.7024 31.9213 34.4206 37.1803 40.1675 43.3376 46.6358 50
50 46.6358 43.3376 40.1675 37.1803 34.4206 31.9213 29.7024 27.771 26.1232 24.745 23.6151 22.7072 21.9921 21.44 21.0224 20.7128 20.4879 20.3278 20.2161 20.1398 20.0887 20.0552 20.0337 20.0202 20.0118 20.0068 20.0038 20.0021 20.0011 20.0006 20.0003 20.0002 20.0001 20 20 20 20 20 20 20 20 20 20 20 20 20 20 20 20 20 20 20 20 20 20 20 20 20 20 20 20 20 20.0001 20.0001 20.0002 20.0004 20.0007 20.0013 20.0023 20.0038 20.0069 20.0108 20.0185 20.0281 20.046 20.0676 20.106 20.1506 20.2264 20.3109 20.4488 20.5959 20.8266 21.0616 21.4164 21.7605 22.2609 22.7207 23.3662 23.923 24.6802 25.2835 26.0832 26.6529 27.3986 27.8385 28.4263 28.6468 28.9912 28.934 28.9912 28.6468 28.4263 27.8385 27.3986 26.6529 26.0832 25.2835 24.6802 23.923 23.3662 22.7207 22.2609 21.7605 21.4164 21.0616 20.8266 20.5959 20.4488 20.3109 20.2264 20.1506 20.106 20.0676 20.046 20.0281 20.0185 20.0108 20.0069 20.0038 20.0023 20.0013 20.0007 20.0004 20.0002 20.0001 20.0001 20 20 20 20 20 20 20 20 20 20 20 20 20 20 20 20 20 20 20 20 20 20 20 20 20 20 20 20 20.0001 20.0002 20.0003 20.0006 20.0011 20.0021 20.0038 20.0068 20.0118 20.0202 20.0337 20.0552 20.0887 20.1398 20.2161 20.3278 20.4879 20.7128 21.0224 21.44 21.9921 22.7072 23.6151 24.745 26.1232 27.771 29.7024 31.9213 34.4206 37.1803 40.1675 43.3376 46.6358 50
50 46.6358 43.3376 40.1675 37.1803 34.4206 31.9213 29.7024 27.771 26.1232 24.745 23.6151 22.7072 21.9921 21.44 21.0224 20.7128 20.4879 20.3278 20.2161 20.1398 20.0887 20.0552 20.0337 20.0202 20.0118 20.0068 20.0038 20.0021 20.0011 20.0006 20.0003 20.0002 20.0001 20 20 20 20 20 20 20 20 20 20 20 20 20 20 20 20 20 20 20 20 20 20 20 20 20 20 20 20 20 20.0001 20.0001 20.0002 20.0005 20.0008 20.0015 20.0026 20.0047 20.0076 20.0131 20.0204 20.034 20.051 20.0814 20.1178 20.1803 20.2522 20.3708 20.5012 20.7079 20.9254 21.2566 21.5894 22.077 22.5427 23.2004 23.7933 24.6026 25.2835 26.1851 26.8776 27.7744 28.3746 29.1481 29.5454 30.0835 30.1896 30.4157 30.1896 30.0835 29.5454 29.1481 28.3746 27.7744 26.8776 26.1851 25.2835 24.6026 23.7933 23.2004 22.5427 22.077 21.5894 21.2566 20.9254 20.7079 20.5012 20.3708 20.2522 20.1803 20.1178 20.0814 20.051 20.034 20.0204 20.0131 20.0076 20.0047 20.0026 20.0015 20.0008 20.0005 20.0002 20.0001 20.0001 20 20 20 20 20 20 20 20 20 20 20 20 20 20 20 20 20 20 20 20 20 20 20 20 20 20 20 20 20.0001 20.0002 20.0003 20.0006 20.0011 20.0021 20.0038 20.0068 20.0118 20.0202 20.0337 20.0552 20.0887 20.1398 20.2161 20.3278 20.4879 20.7128 21.0224 21.44 21.9921 22.7072 23.6151 24.745 26.1232 27.771 29.7024 31.9213 34.4206 37.1803 40.1675 43.3376 46.6358 50
50 46.6358 43.3376 40.1675 37.1803 34.4206 31.9213 29.7024 27.771 26.1232 24.745 23.6151 22.7072 21.9921 21.44 21.0224 20.7128 20.4879 20.3278 20.2161 20.1398 20.0887 20.0552 20.0337 20.0202 20.0118 20.0068 20.0038 20.0021 20.0011 20.0006 20.0003 20.0002 20.0001 20 20 20 20 20 20 20 20 20 20 20 20 20 20 20 20 20 20 20 20 20 20 20 20 20 20 20 20 20 20.0001 20.0001 20.0003 20.0005 20.001 20.0017 20.0031 20.0051 20.009 20.0143 20.0242 20.0371 20.0602 20.0889 20.1387 20.1976 20.2958 20.4072 20.5856 20.7793 21.0773 21.3867 21.8444 22.297 22.9419 23.5466 24.3774 25.1099 26.0832 26.8776 27.9039 28.656 29.6102 30.1952 30.9432 31.2443 31.6758 31.6169 31.6758 31.2443 30.9432 30.1952 29.6102 28.656 27.9039 26.8776 26.0832 25.1099 24.3774 23.5466 22.9419 22.297 21.8444 21.3867 21.0773 20.7793 20.5856 20.4072 20.2958 20.1976 20.1387 20.0889 20.0602 20.0371 20.0242 20.0143 20.009 20.0051 20.0031 20.0017 20.001 20.0005 20.0003 20.0001 20.0001 20 20 20 20 20 20 20 20 20 20 20 20 20 20 20 20 20 20 20 20 20 20 20 20 20 20 20 20 20.0001 20.0002 20.0003 20.0006 20.0011 20.0021 20.0038 20.0068 20.0118 20.0202 20.0337 20.0552 20.0887 20.1398 20.2161 20.3278 20.4879 20.7128 21.0224 21.44 21.9921 22.7072 23.6151 24.745 26.1232 27.771 29.7024 31.9213 34.4206 37.1803 40.1675 43.3376 46.6358 50
50 46.6358 43.3376 40.1675 37.1803 34.4206 31.9213 29.7024 27.771 26.1232 24.745 23.6151 22.7072 21.9921 21.44 21.0224 20.7128 20.4879 20.3278 20.2161 20.1398 20.0887 20.0552 20.0337 20.0202 20.0118 20.0068 20.0038 20.0021 20.0011 20.0006 20.0003 20.0002 20.0001 20 20 20 20 20 20 20 20 20 20 20 20 20 20 20 20 20 20 20 20 20 20 20 20 20 20 20 20 20 20.0001 20.0002 20.0003 20.0006 20.001 20.002 20.0033 20.006 20.0096 20.0167 20.026 20.0431 20.0648 20.1029 20.1494 20.2278 20.3195 20.4679 20.634 20.8924 21.1691 21.5829 22.0058 22.6145 23.206 24.0261 24.7794 25.7874 26.6529 27.7744 28.656 29.7694 30.5363 31.4933 32.0066 32.6671 32.8153 33.0838 32.8153 32.6671 32.0066 31.4933 30.5363 29.7694 28.656 27.7744 26.6529 25.7874 24.7794 24.0261 23.206 22.6145 22.0058 21.5829 21.1691 20.8924 20.634 20.4679 20.3195 20.2278 20.1494 20.1029 20.0648 20.0431 20.026 20.0167 20.0096 20.006 20.0033 20.002 20.001 20.0006 20.0003 20.0002 20.0001 20 20 20 20 20 20 20 20 20 20 20 20 20 20 20 20 20 20 20 20 20 20 20 20 20 20 20 20 20.0001 20.0002 20.0003 20.0006 20.0011 20.0021 20.0038 20.0068 20.0118 20.0202 20.0337 20.0552 20.0887 20.1398 20.2161 20.3278 20.4879 20.7128 21.0224 21.44 21.9921 22.7072 23.6151 24.745 26.1232 27.771 29.7024 31.9213 34.4206 37.1803 40.1675 43.3376 46.6358 50
50 46.6358 43.3376 40.1675 37.1803 34.4206 31.9213 29.7024 27.771 26.1232 24.745 23.6151 22.7072 21.9921 21.44 21.0224 20.7128 20.4879 20.3278 20.2161 20.1398 20.0887 20.0552 20.0337 20.0202 20.0118 20.0068 20.0038 20.0021 20.0011 20.0006 20.0003 20.0002 20.0001 20 20 20 20 20 20 20 20 20 20 20 20 20 20 20 20 20 20 20 20 20 20 20 20 20 20 20 20 20 20.0001 20.0002 20.0004 20.0006 20.0012 20.0021 20.0038 20.0063 20.0111 20.0176 20.0297 20.0455 20.0737 20.109 20.1694 20.242 20.361 20.4981 20.7141 20.9523 21.3129 21.6928 22.2462 22.8018 23.5809 24.323 25.3258 26.2249 27.3986 28.3746 29.6102 30.5363 31.6827 32.4066 33.3013 33.6812 34.191 34.134 34.191 33.6812 33.3013 32.4066 31.6827 30.5363 29.6102 28.3746 27.3986 26.2249 25.3258 24.323 23.5809 22.8018 22.2462 21.6928 21.3129 20.9523 20.7141 20.4981 20.361 20.242 20.1694 20.109 20.0737 20.0455 20.0297 20.0176 20.0111 20.0063 20.0038 20.0021 20.0012 20.0006 20.0004 20.0002 20.0001 20 20 20 20 20 20 20 20 20 20 20 20 20 20 20 20 20 20 20 20 20 20 20 20 20 20 20 20 20.0001 20.0002 20.0003 20.0006 20.0011 20.0021 20.0038 20.0068 20.0118 20.0202 20.0337 20.0552 20.0887 20.1398 20.2161 20.3278 20.4879 20.7128 21.0224 21.44 21.9921 22.7072 23.6151 24.745 26.1232 27.771 29.7024 31.9213 34.4206 37.1803 40.1675 43.3376 46.6358 50
50 46.6358 43.3376 40.1675 37.1803 34.4206 31.9213 29.7024 27.771 26.1232 24.745 23.6151 22.7072 21.9921 21.44 21.0224 20.7128 20.4879 20.3278 20.2161 20.1398 20.0887 20.0552 20.0337 20.0202 20.0118 20.0068 20.0038 20.0021 20.0011 20.0006 20.0003 20.0002 20.0001 20 20 20 20 20 20 20 20 20 20 20 20 20 20 20 20 20 20 20 20 20 20 20 20 20 20 20 20 20.0001 20.0001 20.0002 20.0004 20.0007 20.0012 20.0023 20.0039 20.0071 20.0115 20.0197 20.0309 20.0509 20.0768 20.1216 20.1769 20.269 20.3779 20.552 20.7493 21.0522 21.3806 21.8654 22.367 23.0795 23.781 24.7403 25.6336 26.8118 27.8385 29.1481 30.1952 31.4933 32.4066 33.5196 34.1356 34.8992 35.0865 35.3889 35.0865 34.8992 34.1356 33.5196 32.4066 31.4933 30.1952 29.1481 27.8385 26.8118 25.6336 24.7403 23.781 23.0795 22.367 21.8654 21.3806 21.0522 20.7493 20.552 20.3779 20.269 20.1769 20.1216 20.0768 20.0509 20.0309 20.0197 20.0115 20.0071 20.0039 20.0023 20.0012 20.0007 20.0004 20.0002 20.0001 20.0001 20 20 20 20 20 20 20 20 20 20 20 20 20 20 20 20 20 20 20 20 20 20 20 20 20 20 20 20.0001 20.0002 20.0003 20.0006 20.0011 20.0021 20.0038 20.0068 20.0118 20.0202 20.0337 20.0552 20.0887 20.1398 20.2161 20.3278 20.4879 20.7128 21.0224 21.44 21.9921 22.7072 23.6151 24.745 26.1232 27.771 29.7024 31.9213 34.4206 37.1803 40.1675 43.3376 46.6358 50
50 46.6358 43.3376 40.1675 37.1803 34.4206 31.9213 29.7024 27.771 26.1232 24.745 23.6151 22.7072 21.9921 21.44 21.0224 20.7128 20.4879 20.3278 20.2161 20.1398 20.0887 20.0552 20.0337 20.0202 20.0118 20.0068 20.0038 20.0021 20.0011 20.0006 20.0003 20.0002 20.0001 20 20 20 20 20 20 20 20 20 20 20 20 20 20 20 20 20 20 20 20 20 20 20 20 20 20 20 20 20.0001 20.0001 20.0002 20.0004 20.0007 20.0014 20.0024 20.0044 20.0072 20.0127 20.0202 20.034 20.0522 20.0842 20.1249 20.1935 20.2769 20.4121 20.5695 20.8148 21.0879 21.4972 21.9327 22.5604 23.1972 24.0804 24.9308 26.067 27.0974 28.4263 29.5454 30.9432 32.0066 33.3013 34.1356 35.1429 35.5863 36.1551 36.1015 36.1551 35.5863 35.1429 34.1356 33.3013 32.0066 30.9432 29.5454 28.4263 27.0974 26.067 24.9308 24.0804 23.1972 22.5604 21.9327 21.4972 21.0879 20.8148 20.5695 20.4121 20.2769 20.1935 20.1249 20.0842 20.0522 20.034 20.0202 20.0127 20.0072 20.0044 20.0024 20.0014 20.0007 20.0004 20.0002 20.0001 20.0001 20 20 20 20 20 20 20 20 20 20 20 20 20 20 20 20 20 20 20 20 20 20 20 20 20 20 20 20.0001 20.0002 20.0003 20.0006 20.0011 20.0021 20.0038 20.0068 20.0118 20.0202 20.0337 20.0552 20.0887 20.1398 20.2161 20.3278 20.4879 20.7128 21.0224 21.44 21.9921 22.7072 23.6151 24.745 26.1232 27.771 29.7024 31.9213 34.4206 37.1803 40.1675 43.3376 46.6358 50
50 46.6358 43.3376 40.1675 37.1803 34.4206 31.9213 29.7024 27.771 26.1232 24.745 23.6151 22.7072 21.9921 21.44 21.0224 20.7128 20.4879 20.3278 20.2161 20.1398 20.0887 20.0552 20.0337 20.0202 20.0118 20.0068 20.0038 20.0021 20.0011 20.0006 20.0003 20.0002 20.0001 20 20 20 20 20 20 20 20 20 20 20 20 20 20 20 20 20 20 20 20 20 20 20 20 20 20 20 20 20.0001 20.0001 20.0002 20.0004 20.0008 20.0014 20.0026 20.0044 20.0078 20.0127 20.0218 20.0342 20.0563 20.085 20.1344 20.1958 20.2971 20.4179 20.6095 20.8281 21.1612 21.5251 22.0579 22.6136 23.3964 24.1732 25.2268 26.2161 27.5095 28.6468 30.0835 31.2443 32.6671 33.6812 34.8992 35.5863 36.4187 36.634 36.9582 36.634 36.4187 35.5863 34.8992 33.6812 32.6671 31.2443 30.0835 28.6468 27.5095 26.2161 25.2268 24.1732 23.3964 22.6136 22.0579 21.5251 21.1612 20.8281 20.6095 20.4179 20.2971 20.1958 20.1344 20.085 20.0563 20.0342 20.0218 20.0127 20.0078 20.0044 20.0026 20.0014 20.0008 20.0004 20.0002 20.0001 20.0001 20 20 20 20 20 20 20 20 20 20 20 20 20 20 20 20 20 20 20 20 20 20 20 20 20 20 20 20.0001 20.0002 20.0003 20.0006 20.0011 20.0021 20.0038 20.0068 20.0118 20.0202 20.0337 20.0552 20.0887 20.1398 20.2161 20.3278 20.4879 20.7128 21.0224 21.44 21.9921 22.7072 23.6151 24.745 26.1232 27.771 29.7024 31.9213 34.4206 37.1803 40.1675 43.3376 46.6358 50
50 46.6358 43.3376 40.1675 37.1803 34.4206 31.9213 29.7024 27.771 26.1232 24.745 23.6151 22.7072 21.9921 21.44 21.0224 20.7128 20.4879 20.3278 20.2161 20.1398 20.0887 20.0552 20.0337 20.0202 20.0118 20.0068 20.0038 20.0021 20.0011 20.0006 20.0003 20.0002 20.0001 20 20 20 20 20 20 20 20 20 20 20 20 20 20 20 20 20 20 20 20 20 20 20 20 20 20 20 20 20.0001 20.0001 20.0002 20.0004 20.0008 20.0015 20.0025 20.0047 20.0077 20.0135 20.0216 20.0363 20.0558 20.0901 20.1336 20.2068 20.2961 20.4403 20.6088 20.8702 21.1626 21.5986 22.0649 22.7333 23.4149 24.3551 25.2653 26.4745 27.5775 28.9912 30.1896 31.6758 32.8153 34.191 35.0865 36.1551 36.634 37.2345 37.1836 37.2345 36.634 36.1551 35.0865 34.191 32.8153 31.6758 30.1896 28.9912 27.5775 26.4745 25.2653 24.3551 23.4149 22.7333 22.0649 21.5986 21.1626 20.8702 20.6088 20.4403 20.2961 20.2068 20.1336 20.0901 20.0558 20.0363 20.0216 20.0135 20.0077 20.0047 20.0025 20.0015 20.0008 20.0004 20.0002 20.0001 20.0001 20 20 20 20 20 20 20 20 20 20 20 20 20 20 20 20 20 20 20 20 20 20 20 20 20 20 20 20.0001 20.0002 20.0003 20.0006 20.0011 20.0021 20.0038 20.0068 20.0118 20.0202 20.0337 20.0552 20.0887 20.1398 20.2161 20.3278 20.4879 20.7128 21.0224 21.44 21.9921 22.7072 23.6151 24.745 26.1232 27.771 29.7024 31.9213 34.4206 37.1803 40.1675 43.3376 46.6358 50
50 46.6358 43.3376 40.1675 37.1803 34.4206 31.9213 29.7024 27.771 26.1232 24.745 23.6151 22.7072 21.9921 21.44 21.0224 20.7128 20.4879 20.3278 20.2161 20.1398 20.0887 20.0552 20.0337 20.0202 20.0118 20.0068 20.0038 20.0021 20.0011 20.0006 20.0003 20.0002 20.0001 20 20 20 20 20 20 20 20 20 20 20 20 20 20 20 20 20 20 20 20 20 20 20 20 20 20 20 20 20.0001 20.0001 20.0002 20.0004 20.0008 20.0014 20.0027 20.0045 20.0081 20.0132 20.0226 20.0354 20.0582 20.088 20.1389 20.2025 20.3071 20.4322 20.6299 20.8562 21.2 21.5764 22.1263 22.7012 23.5089 24.3126 25.3996 26.4231 27.7572 28.934 30.4157 31.6169 33.0838 34.134 35.3889 36.1015 36.9582 37.1836 37.5153 37.1836 36.9582 36.1015 35.3889 34.134 33.0838 31.6169 30.4157 28.934 27.7572 26.4231 25.3996 24.3126 23.5089 22.7012 22.1263 21.5764 21.2 20.8562 20.6299 20.4322 20.3071 20.2025 20.1389 20.088 20.0582 20.0354 20.0226 20.0132 20.0081 20.0045 20.0027 20.0014 20.0008 20.0004 20.0002 20.0001 20.0001 20 20 20 20 20 20 20 20 20 20 20 20 20 20 20 20 20 20 20 20 20 20 20 20 20 20 20 20.0001 20.0002 20.0003 20.0006 20.0011 20.0021 20.0038 20.0068 20.0118 20.0202 20.0337 20.0552 20.0887 20.1398 20.2161 20.3278 20.4879 20.7128 21.0224 21.44 21.9921 22.7072 23.6151 24.745 26.1232 27.771 29.7024 31.9213 34.4206 37.1803 40.1675 43.3376 46.6358 50
50 46.6358 43.3376 40.1675 37.1803 34.4206 31.9213 29.7024 27.771 26.1232 24.745 23.6151 22.7072 21.9921 21.44 21.0224 20.7128 20.4879 20.3278 20.2161 20.1398 20.0887 20.0552 20.0337 20.0202 20.0118 20.0068 20.0038 20.0021 20.0011 20.0006 20.0003 20.0002 20.0001 20 20 20 20 20 20 20 20 20 20 20 20 20 20 20 20 20 20 20 20 20 20 20 20 20 20 20 20 20.0001 20.0001 20.0002 20.0004 20.0008 20.0015 20.0025 20.0047 20.0077 20.0135 20.0216 20.0363 20.0558 20.0901 20.1336 20.2068 20.2961 20.4403 20.6088 20.8702 21.1626 21.5986 22.0649 22.7333 23.4149 24.3551 25.2653 26.4745 27.5775 28.9912 30.1896 31.6758 32.8153 34.191 35.0865 36.1551 36.634 37.2345 37.1836 37.2345 36.634 36.1551 35.0865 34.191 32.8153 31.6758 30.1896 28.9912 27.5775 26.4745 25.2653 24.3551 23.4149 22.7333 22.0649 21.5986 21.1626 20.8702 20.6088 20.4403 20.2961 20.2068 20.1336 20.0901 20.0558 20.0363 20.0216 20.0135 20.0077 20.0047 20.0025 20.0015 20.0008 20.0004 20.0002 20.0001 20.0001 20 20 20 20 20 20 20 20 20 20 20 20 20 20 20 20 20 20 20 20 20 20 20 20 20 20 20 20.0001 20.0002 20.0003 20.0006 20.0011 20.0021 20.0038 20.0068 20.0118 20.0202 20.0337 20.0552 20.0887 20.1398 20.2161 20.3278 20.4879 20.7128 21.0224 21.44 21.9921 22.7072 23.6151 24.745 26.1232 27.771 29.7024 31.9213 34.4206 37.1803 40.1675 43.3376 46.6358 50
50 46.6358 43.3376 40.1675 37.1803 34.4206 31.9213 29.7024 27.771 26.1232 24.745 23.6151 22.7072 21.9921 21.44 21.0224 20.7128 20.4879 20.3278 20.2161 20.1398 20.0887 20.0552 20.0337 20.0202 20.0118 20.0068 20.0038 20.0021 20.0011 20.0006 20.0003 20.0002 20.0001 20 20 20 20 20 20 20 20 20 20 20 20 20 20 20 20 20 20 20 20 20 20 20 20 20 20 20 20 20.0001 20.0001 20.0002 20.0004 20.0008 20.0014 20.0026 20.0044 20.0078 20.0127 20.0218 20.0342 20.0563 20.085 20.1344 20.1958 20.2971 20.4179 20.6095 20.8281 21.1612 21.5251 22.0579 22.6136 23.3964 24.1732 25.2268 26.2161 27.5095 28.6468 30.0835 31.2443 32.6671 33.6812 34.8992 35.5863 36.4187 36.634 36.9582 36.634 36.4187 35.5863 34.8992 33.6812 32.6671 31.2443 30.0835 28.6468 27.5095 26.2161 25.2268 24.1732 23.3964 22.6136 22.0579 21.5251 21.1612 20.8281 20.6095 20.4179 20.2971 20.1958 20.1344 20.085 20.0563 20.0342 20.0218 20.0127 20.0078 20.0044 20.0026 20.0014 20.0008 20.0004 20.0002 20.0001 20.0001 20 20 20 20 20 20 20 20 20 20 20 20 20 20 20 20 20 20 20 20 20 20 20 20 20 20 20 20.0001 20.0002 20.0003 20.0006 20.0011 20.0021 20.0038 20.0068 20.0118 20.0202 20.0337 20.0552 20.0887 20.1398 20.2161 20.3278 20.4879 20.7128 21.0224 21.44 21.9921 22.7072 23.6151 24.745 26.1232 27.771 29.7024 31.9213 34.4206 37.1803 40.1675 43.3376 46.6358 50
50 46.6358 43.3376 40.1675 37.1803 34.4206 31.9213 29.7024 27.771 26.1232 24.745 23.6151 22.7072 21.9921 21.44 21.0224 20.7128 20.4879 20.3278 20.2161 20.1398 20.0887 20.0552 20.0337 20.0202 20.0118 20.0068 20.0038 20.0021 20.0011 20.0006 20.0003 20.0002 20.0001 20 20 20 20 20 20 20 20 20 20 20 20 20 20 20 20 20 20 20 20 20 20 20 20 20 20 20 20 20.0001 20.0001 20.0002 20.0004 20.0007 20.0014 20.0024 20.0044 20.0072 20.0127 20.0202 20.034 20.0522 20.0842 20.1249 20.1935 20.2769 20.4121 20.5695 20.8148 21.0879 21.4972 21.9327 22.5604 23.1972 24.0804 24.9308 26.067 27.0974 28.4263 29.5454 30.9432 32.0066 33.3013 34.1356 35.1429 35.5863 36.1551 36.1015 36.1551 35.5863 35.1429 34.1356 33.3013 32.0066 30.9432 29.5454 28.4263 27.0974 26.067 24.9308 24.0804 23.1972 22.5604 21.9327 21.4972 21.0879 20.8148 20.5695 20.4121 20.2769 20.1935 20.1249 20.0842 20.0522 20.034 20.0202 20.0127 20.0072 20.0044 20.0024 20.0014 20.0007 20.0004 20.0002 20.0001 20.0001 20 20 20 20 20 20 20 20 20 20 20 20 20 20 20 20 20 20 20 20 20 20 20 20 20 20 20 20.0001 20.0002 20.0003 20.0006 20.0011 20.0021 20.0038 20.0068 20.0118 20.0202 20.0337 20.0552 20.0887 20.1398 20.2161 20.3278 20.4879 20.7128 21.0224 21.44 21.9921 22.7072 23.6151 24.745 26.1232 27.771 29.7024 31.9213 34.4206 37.1803 40.1675 43.3376 46.6358 50
50 46.6358 43.3376 40.1675 37.1803 34.4206 31.9213 29.7024 27.771 26.1232 24.745 23.6151 22.7072 21.9921 21.44 21.0224 20.7128 20.4879 20.3278 20.2161 20.1398 20.0887 20.0552 20.0337 20.0202 20.0118 20.0068 20.0038 20.0021 20.0011 20.0006 20.0003 20.0002 20.0001 20 20 20 20 20 20 20 20 20 20 20 20 20 20 20 20 20 20 20 20 20 20 20 20 20 20 20 20 20.0001 20.0001 20.0002 20.0004 20.0007 20.0012 20.0023 20.0039 20.0071 20.0115 20.0197 20.0309 20.0509 20.0768 20.1216 20.1769 20.269 20.3779 20.552 20.7493 21.0522 21.3806 21.8654 22.367 23.0795 23.781 24.7403 25.6336 26.8118 27.8385 29.1481 30.1952 31.4933 32.4066 33.5196 34.1356 34.8992 35.0865 35.3889 35.0865 34.8992 34.1356 33.5196 32.4066 31.4933 30.1952 29.1481 27.8385 26.8118 25.6336 24.7403 23.781 23.0795 22.367 21.8654 21.3806 21.0522 20.7493 20.552 20.3779 20.269 20.1769 20.1216 20.0768 20.0509 20.0309 20.0197 20.0115 20.0071 20.0039 20.0023 20.0012 20.0007 20.0004 20.0002 20.0001 20.0001 20 20 20 20 20 20 20 20 20 20 20 20 20 20 20 20 20 20 20 20 20 20 20 20 20 20 20 20.0001 20.0002 20.0003 20.0006 20.0011 20.0021 20.0038 20.0068 20.0118 20.0202 20.0337 20.0552 20.0887 20.1398 20.2161 20.3278 20.4879 20.7128 21.0224 21.44 21.9921 22.7072 23.6151 24.745 26.1232 27.771 29.7024 31.9213 34.4206 37.1803 40.1675 43.3376 46.6358 50
50 46.6358 43.3376 40.1675 37.1803 34.4206 31.9213 29.7024 27.771 26.1232 24.745 23.6151 22.7072 21.9921 21.44 21.0224 20.7128 20.4879 20.3278 20.2161 20.1398 20.0887 20.0552 20.0337 20.0202 20.0118 20.0068 20.0038 20.0021 20.0011 20.0006 20.0003 20.0002 20.0001 20 20 20 20 20 20 20 20 20 20 20 20 20 20 20 20 20 20 20 20 20 20 20 20 20 20 20 20 20 20.0001 20.0002 20.0004 20.0006 20.0012 20.0021 20.0038 20.0063 20.0111 20.0176 20.0297 20.0455 20.0737 20.109 20.1694 20.242 20.361 20.4981 20.7141 20.9523 21.3129 21.6928 22.2462 22.8018 23.5809 24.323 25.3258 26.2249 27.3986 28.3746 29.6102 30.5363 31.6827 32.4066 33.3013 33.6812 34.191 34.134 34.191 33.6812 33.3013 32.4066 31.6827 30.5363 29.6102 28.3746 27.3986 26.2249 25.3258 24.323 23.5809 22.8018 22.2462 21.6928 21.3129 20.9523 20.7141 20.4981 20.361 20.242 20.1694 20.109 20.0737 20.0455 20.0297 20.0176 20.0111 20.0063 20.0038 20.0021 20.0012 20.0006 20.0004 20.0002 20.0001 20 20 20 20 20 20 20 20 20 20 20 20 20 20 20 20 20 20 20 20 20 20 20 20 20 20 20 20 20.0001 20.0002 20.0003 20.0006 20.0011 20.0021 20.0038 20.0068 20.0118 20.0202 20.0337 20.0552 20.0887 20.1398 20.2161 20.3278 20.4879 20.7128 21.0224 21.44 21.9921 22.7072 23.6151 24.745 26.1232 27.771 29.7024 31.9213 34.4206 37.1803 40.1675 43.3376 46.6358 50
50 46.6358 43.3376 40.1675 37.1803 34.4206 31.9213 29.7024 27.771 26.1232 24.745 23.6151 22.7072 21.9921 21.44 21.0224 20.7128 20.4879 20.3278 20.2161 20.1398 20.0887 20.0552 20.0337 20.0202 20.0118 20.0068 20.0038 20.0021 20.0011 20.0006 20.0003 20.0002 20.0001 20 20 20 20 20 20 20 20 20 20 20 20 20 20 20 20 20 20 20 20 20 20 20 20 20 20 20 20 20 20.0001 20.0002 20.0003 20.0006 20.001 20.002 20.0033 20.006 20.0096 20.0167 20.026 20.0431 20.0648 20.1029 20.1494 20.2278 20.3195 20.4679 20.634 20.8924 21.1691 21.5829 22.0058 22.6145 23.206 24.0261 24.7794 25.7874 26.6529 27.7744 28.656 29.7694 30.5363 31.4933 32.0066 32.6671 32.8153 33.0838 32.8153 32.6671 32.0066 31.4933 30.5363 29.7694 28.656 27.7744 26.6529 25.7874 24.7794 24.0261 23.206 22.6145 22.0058 21.5829 21.1691 20.8924 20.634 20.4679 20.3195 20.2278 20.1494 20.1029 20.0648 20.0431 20.026 20.0167 20.0096 20.006 20.0033 20.002 20.001 20.0006 20.0003 20.0002 20.0001 20 20 20 20 20 20 20 20 20 20 20 20 20 20 20 20 20 20 20 20 20 20 20 20 20 20 20 20 20.0001 20.0002 20.0003 20.0006 20.0011 20.0021 20.0038 20.0068 20.0118 20.0202 20.0337 20.0552 20.0887 20.1398 20.2161 20.3278 20.4879 20.7128 21.0224 21.44 21.9921 22.7072 23.6151 24.745 26.1232 27.771 29.7024 31.9213 34.4206 37.1803 40.1675 43.3376 46.6358 50
50 46.6358 43.3376 40.1675 37.1803 34.4206 31.9213 29.7024 27.771 26.1232 24.745 23.6151 22.7072 21.9921 21.44 21.0224 20.7128 20.4879 20.3278 20.2161 20.1398 20.0887 20.0552 20.0337 20.0202 20.0118 20.0068 20.0038 20.0021 20.0011 20.0006 20.0003 20.0002 20.0001 20 20 20 20 20 20 20 20 20 20 20 20 20 20 20 20 20 20 20 20 20 20 20 20 20 20 20 20 20 20.0001 20.0001 20.0003 20.0005 20.001 20.0017 20.0031 20.0051 20.009 20.0143 20.0242 20.0371 20.0602 20.0889 20.1387 20.1976 20.2958 20.4072 20.5856 20.7793 21.0773 21.3867 21.8444 22.297 22.9419 23.5466 24.3774 25.1099 26.0832 26.8776 27.9039 28.656 29.6102 30.1952 30.9432 31.2443 31.6758 31.6169 31.6758 31.2443 30.9432 30.1952 29.6102 28.656 27.9039 26.8776 26.0832 25.1099 24.3774 23.5466 22.9419 22.297 21.8444 21.3867 21.0773 20.7793 20.5856 20.4072 20.2958 20.1976 20.1387 20.0889 20.0602 20.0371 20.0242 20.0143 20.009 20.0051 20.0031 20.0017 20.001 20.0005 20.0003 20.0001 20.0001 20 20 20 20 20 20 20 20 20 20 20 20 20 20 20 20 20 20 20 20 20 20 20 20 20 20 20 20 20.0001 20.0002 20.0003 20.0006 20.0011 20.0021 20.0038 20.0068 20.0118 20.0202 20.0337 20.0552 20.0887 20.1398 20.2161 20.3278 20.4879 20.7128 21.0224 21.44 21.9921 22.7072 23.6151 24.745 26.1232 27.771 29.7024 31.9213 34.4206 37.1803 40.1675 43.3376 46.6358 50
50 46.6358 43.3376 40.1675 37.1803 34.4206 31.9213 29.7024 27.771 26.1232 24.745 23.6151 22.7072 21.9921 21.44 21.0224 20.7128 20.4879 20.3278 20.2161 20.1398 20.0887 20.0552 20.0337 20.0202 20.0118 20.0068 20.0038 20.0021 20.0011 20.0006 20.0003 20.0002 20.0001 20 20 20 20 20 20 20 20 20 20 20 20 20 20 20 20 20 20 20 20 20 20 20 20 20 20 20 20 20 20.0001 20.0001 20.0002 20.0005 20.0008 20.0015 20.0026 20.0047 20.0076 20.0131 20.0204 20.034 20.051 20.0814 20.1178 20.1803 20.2522 20.3708 20.5012 20.7079 20.9254 21.2566 21.5894 22.077 22.5427 23.2004 23.7933 24.6026 25.2835 26.1851 26.8776 27.7744 28.3746 29.1481 29.5454 30.0835 30.1896 30.4157 30.1896 30.0835 29.5454 29.1481 28.3746 27.7744 26.8776 26.1851 25.2835 24.6026 23.7933 23.2004 22.5427 22.077 21.5894 21.2566 20.9254 20.7079 20.5012 20.3708 20.2522 20.1803 20.1178 20.0814 20.051 20.034 20.0204 20.0131 20.0076 20.0047 20.0026 20.0015 20.0008 20.0005 20.0002 20.0001 20.0001 20 20 20 20 20 20 20 20 20 20 20 20 20 20 20 20 20 20 20 20 20 20 20 20 20 20 20 20 20.0001 20.0002 20.0003 20.0006 20.0011 20.0021 20.0038 20.0068 20.0118 20.0202 20.0337 20.0552 20.0887 20.1398 20.2161 20.3278 20.4879 20.7128 21.0224 21.44 21.9921 22.7072 23.6151 24.745 26.1232 27.771 29.7024 31.9213 34.4206 37.1803 40.1675 43.3376 46.6358 50
50 46.6358 43.3376 40.1675 37.1803 34.4206 31.9213 29.7024 27.771 26.1232 24.745 23.6151 22.7072 21.9921 21.44 21.0224 20.7128 20.4879 20.3278 20.2161 20.1398 20.0887 20.0552 20.0337 20.0202 20.0118 20.0068 20.0038 20.0021 20.0011 20.0006 20.0003 20.0002 20.0001 20 20 20 20 20 20 20 20 20 20 20 20 20 20 20 20 20 20 20 20 20 20 20 20 20 20 20 20 20 20.0001 20.0001 20.0002 20.0004 20.0007 20.0013 20.0023 20.0038 20.0069 20.0108 20.0185 20.0281 20.046 20.0676 20.106 20.1506 20.2264 20.3109 20.4488 20.5959 20.8266 21.0616 21.4164 21.7605 22.2609 22.7207 23.3662 23.923 24.6802 25.2835 26.0832 26.6529 27.3986 27.8385 28.4263 28.6468 28.9912 28.934 28.9912 28.6468 28.4263 27.8385 27.3986 26.6529 26.0832 25.2835 24.6802 23.923 23.3662 22.7207 22.2609 21.7605 21.4164 21.0616 20.8266 20.5959 20.4488 20.3109 20.2264 20.1506 20.106 20.0676 20.046 20.0281 20.0185 20.0108 20.0069 20.0038 20.0023 20.0013 20.0007 20.0004 20.0002 20.0001 20.0001 20 20 20 20 20 20 20 20 20 20 20 20 20 20 20 20 20 20 20 20 20 20 20 20 20 20 20 20 20.0001 20.0002 20.0003 20.0006 20.0011 20.0021 20.0038 20.0068 20.0118 20.0202 20.0337 20.0552 20.0887 20.1398 20.2161 20.3278 20.4879 20.7128 21.0224 21.44 21.9921 22.7072 23.6151 24.745 26.1232 27.771 29.7024 31.9213 34.4206 37.1803 40.1675 43.3376 46.6358 50
50 46.6358 43.3376 40.1675 37.1803 34.4206 31.9213 29.7024 27.771 26.1232 24.745 23.6151 22.7072 21.9921 21.44 21.0224 20.7128 20.4879 20.3278 20.2161 20.1398 20.0887 20.0552 20.0337 20.0202 20.0118 20.0068 20.0038 20.0021 20.0011 20.0006 20.0003 20.0002 20.0001 20 20 20 20 20 20 20 20 20 20 20 20 20 20 20 20 20 20 20 20 20 20 20 20 20 20 20 20 20 20 20.0001 20.0002 20.0003 20.0006 20.0011 20.0019 20.0034 20.0055 20.0097 20.0149 20.025 20.0374 20.06 20.0866 20.1333 20.1859 20.2745 20.37 20.5247 20.6842 20.9325 21.1767 21.5427 21.8846 22.3789 22.8143 23.4233 23.923 24.6026 25.1099 25.7874 26.2249 26.8118 27.0974 27.5095 27.5775 27.7572 27.5775 27.5095 27.0974 26.8118 26.2249 25.7874 25.1099 24.6026 23.923 23.4233 22.8143 22.3789 21.8846 21.5427 21.1767 20.9325 20.6842 20.5247 20.37 20.2745 20.1859 20.1333 20.0866 20.06 20.0374 20.025 20.0149 20.0097 20.0055 20.0034 20.0019 20.0011 20.0006 20.0003 20.0002 20.0001 20 20 20 20 20 20 20 20 20 20 20 20 20 20 20 20 20 20 20 20 20 20 20 20 20 20 20 20 20 20.0001 20.0002 20.0003 20.0006 20.0011 20.0021 20.0038 20.0068 20.0118 20.0202 20.0337 20.0552 20.0887 20.1398 20.2161 20.3278 20.4879 20.7128 21.0224 21.44 21.9921 22.7072 23.6151 24.745 26.1232 27.771 29.7024 31.9213 34.4206 37.1803 40.1675 43.3376 46.6358 50
50 46.6358 43.3376 40.1675 37.1803 34.4206 31.9213 29.7024 27.771 26.1232 24.745 23.6151 22.7072 21.9921 21.44 21.0224 20.7128 20.4879 20.3278 20.2161 20.1398 20.0887 20.0552 20.0337 20.0202 20.0118 20.0068 20.0038 20.0021 20.0011 20.0006 20.0003 20.0002 20.0001 20 20 20 20 20 20 20 20 20 20 20 20 20 20 20 20 20 20 20 20 20 20 20 20 20 20 20 20 20 20 20.0001 20.0002 20.0003 20.0005 20.0009 20.0017 20.0027 20.0049 20.0076 20.0131 20.0199 20.0327 20.048 20.0756 20.1071 20.1618 20.2215 20.3212 20.4253 20.5924 20.7589 21.0163 21.2602 21.6238 21.9499 22.4195 22.8143 23.3662 23.7933 24.3774 24.7794 25.3258 25.6336 26.067 26.2161 26.4745 26.4231 26.4745 26.2161 26.067 25.6336 25.3258 24.7794 24.3774 23.7933 23.3662 22.8143 22.4195 21.9499 21.6238 21.2602 21.0163 20.7589 20.5924 20.4253 20.3212 20.2215 20.1618 20.1071 20.0756 20.048 20.0327 20.0199 20.0131 20.0076 20.0049 20.0027 20.0017 20.0009 20.0005 20.0003 20.0002 20.0001 20 20 20 20 20 20 20 20 20 20 20 20 20 20 20 20 20 20 20 20 20 20 20 20 20 20 20 20 20 20.0001 20.0002 20.0003 20.0006 20.0011 20.0021 20.0038 20.0068 20.0118 20.0202 20.0337 20.0552 20.0887 20.1398 20.2161 20.3278 20.4879 20.7128 21.0224 21.44 21.9921 22.7072 23.6151 24.745 26.1232 27.771 29.7024 31.9213 34.4206 37.1803 40.1675 43.3376 46.6358 50
50 46.6358 43.3376 40.1675 37.1803 34.4206 31.9213 29.7024 27.771 26.1232 24.745 23.6151 22.7072 21.9921 21.44 21.0224 20.7128 20.4879 20.3278 20.2161 20.1398 20.0887 20.0552 20.0337 20.0202 20.0118 20.0068 20.0038 20.0021 20.0011 20.0006 20.0003 20.0002 20.0001 20 20 20 20 20 20 20 20 20 20 20 20 20 20 20 20 20 20 20 20 20 20 20 20 20 20 20 20 20 20 20.0001 20.0001 20.0002 20.0004 20.0008 20.0013 20.0023 20.0037 20.0066 20.0102 20.0172 20.0256 20.0413 20.0594 20.0919 20.1277 20.1896 20.2548 20.363 20.472 20.6461 20.8131 21.0701 21.3042 21.6518 21.9499 22.3789 22.7207 23.2004 23.5466 24.0261 24.323 24.7403 24.9308 25.2268 25.2653 25.3996 25.2653 25.2268 24.9308 24.7403 24.323 24.0261 23.5466 23.2004 22.7207 22.3789 21.9499 21.6518 21.3042 21.0701 20.8131 20.6461 20.472 20.363 20.2548 20.1896 20.1277 20.0919 20.0594 20.0413 20.0256 20.0172 20.0102 20.0066 20.0037 20.0023 20.0013 20.0008 20.0004 20.0002 20.0001 20.0001 20 20 20 20 20 20 20 20 20 20 20 20 20 20 20 20 20 20 20 20 20 20 20 20 20 20 20 20 20 20.0001 20.0002 20.0003 20.0006 20.0011 20.0021 20.0038 20.0068 20.0118 20.0202 20.0337 20.0552 20.0887 20.1398 20.2161 20.3278 20.4879 20.7128 21.0224 21.44 21.9921 22.7072 23.6151 24.745 26.1232 27.771 29.7024 31.9213 34.4206 37.1803 40.1675 43.3376 46.6358 50
50 46.6358 43.3376 40.1675 37.1803 34.4206 31.9213 29.7024 27.771 26.1232 24.745 23.6151 22.7072 21.9921 21.44 21.0224 20.7128 20.4879 20.3278 20.2161 20.1398 20.0887 20.0552 20.0337 20.0202 20.0118 20.0068 20.0038 20.0021 20.0011 20.0006 20.0003 20.0002 20.0001 20 20 20 20 20 20 20 20 20 20 20 20 20 20 20 20 20 20 20 20 20 20 20 20 20 20 20 20 20 20 20 20.0001 20.0002 20.0003 20.0006 20.0011 20.0018 20.0032 20.005 20.0087 20.0131 20.0217 20.0317 20.0503 20.0709 20.1078 20.147 20.2145 20.283 20.3962 20.506 20.6806 20.8417 21.0887 21.3042 21.6238 21.8846 22.2609 22.5427 22.9419 23.206 23.5809 23.781 24.0804 24.1732 24.3551 24.3126 24.3551 24.1732 24.0804 23.781 23.5809 23.206 22.9419 22.5427 22.2609 21.8846 21.6238 21.3042 21.0887 20.8417 20.6806 20.506 20.3962 20.283 20.2145 20.147 20.1078 20.0709 20.0503 20.0317 20.0217 20.0131 20.0087 20.005 20.0032 20.0018 20.0011 20.0006 20.0003 20.0002 20.0001 20 20 20 20 20 20 20 20 20 20 20 20 20 20 20 20 20 20 20 20 20 20 20 20 20 20 20 20 20 20 20.0001 20.0002 20.0003 20.0006 20.0011 20.0021 20.0038 20.0068 20.0118 20.0202 20.0337 20.0552 20.0887 20.1398 20.2161 20.3278 20.4879 20.7128 21.0224 21.44 21.9921 22.7072 23.6151 24.745 26.1232 27.771 29.7024 31.9213 34.4206 37.1803 40.1675 43.3376 46.6358 50
50 46.6358 43.3376 40.1675 37.1803 34.4206 31.9213 29.7024 27.771 26.1232 24.745 23.6151 22.7072 21.9921 21.44 21.0224 20.7128 20.4879 20.3278 20.2161 20.1398 20.0887 20.0552 20.0337 20.0202 20.0118 20.0068 20.0038 20.0021 20.0011 20.0006 20.0003 20.0002 20.0001 20 20 20 20 20 20 20 20 20 20 20 20 20 20 20 20 20 20 20 20 20 20 20 20 20 20 20 20 20 20 20 20.0001 20.0001 20.0002 20.0005 20.0008 20.0015 20.0024 20.0042 20.0064 20.011 20.0163 20.0265 20.0379 20.059 20.0817 20.1221 20.1634 20.2342 20.3035 20.4175 20.5239 20.6925 20.8417 21.0701 21.2602 21.5427 21.7605 22.077 22.297 22.6145 22.8018 23.0795 23.1972 23.3964 23.4149 23.5089 23.4149 23.3964 23.1972 23.0795 22.8018 22.6145 22.297 22.077 21.7605 21.5427 21.2602 21.0701 20.8417 20.6925 20.5239 20.4175 20.3035 20.2342 20.1634 20.1221 20.0817 20.059 20.0379 20.0265 20.0163 20.011 20.0064 20.0042 20.0024 20.0015 20.0008 20.0005 20.0002 20.0001 20.0001 20 20 20 20 20 20 20 20 20 20 20 20 20 20 20 20 20 20 20 20 20 20 20 20 20 20 20 20 20 20 20.0001 20.0002 20.0003 20.0006 20.0011 20.0021 20.0038 20.0068 20.0118 20.0202 20.0337 20.0552 20.0887 20.1398 20.2161 20.3278 20.4879 20.7128 21.0224 21.44 21.9921 22.7072 23.6151 24.745 26.1232 27.771 29.7024 31.9213 34.4206 37.1803 40.1675 43.3376 46.6358 50
50 46.6358 43.3376 40.1675 37.1803 34.4206 31.9213 29.7024 27.771 26.1232 24.745 23.6151 22.7072 21.9921 21.44 21.0224 20.7128 20.4879 20.3278 20.2161 20.1398 20.0887 20.0552 20.0337 20.0202 20.0118 20.0068 20.0038 20.0021 20.0011 20.0006 20.0003 20.0002 20.0001 20 20 20 20 20 20 20 20 20 20 20 20 20 20 20 20 20 20 20 20 20 20 20 20 20 20 20 20 20 20 20 20.0001 20.0001 20.0002 20.0003 20.0007 20.0011 20.002 20.003 20.0053 20.008 20.0134 20.0194 20.0311 20.0437 20.0669 20.0909 20.1334 20.1753 20.2469 20.3143 20.4248 20.5239 20.6806 20.8131 21.0163 21.1767 21.4164 21.5894 21.8444 22.0058 22.2462 22.367 22.5604 22.6136 22.7333 22.7012 22.7333 22.6136 22.5604 22.367 22.2462 22.0058 21.8444 21.5894 21.4164 21.1767 21.0163 20.8131 20.6806 20.5239 20.4248 20.3143 20.2469 20.1753 20.1334 20.0909 20.0669 20.0437 20.0311 20.0194 20.0134 20.008 20.0053 20.003 20.002 20.0011 20.0007 20.0003 20.0002 20.0001 20.0001 20 20 20 20 20 20 20 20 20 20 20 20 20 20 20 20 20 20 20 20 20 20 20 20 20 20 20 20 20 20 20.0001 20.0002 20.0003 20.0006 20.0011 20.0021 20.0038 20.0068 20.0118 20.0202 20.0337 20.0552 20.0887 20.1398 20.2161 20.3278 20.4879 20.7128 21.0224 21.44 21.9921 22.7072 23.6151 24.745 26.1232 27.771 29.7024 31.9213 34.4206 37.1803 40.1675 43.3376 46.6358 50
50 46.6358 43.3376 40.1675 37.1803 34.4206 31.9213 29.7024 27.771 26.1232 24.745 23.6151 22.7072 21.9921 21.44 21.0224 20.7128 20.4879 20.3278 20.2161 20.1398 20.0887 20.0552 20.0337 20.0202 20.0118 20.0068 20.0038 20.0021 20.0011 20.0006 20.0003 20.0002 20.0001 20 20 20 20 20 20 20 20 20 20 20 20 20 20 20 20 20 20 20 20 20 20 20 20 20 20 20 20 20 20 20 20 20.0001 20.0001 20.0003 20.0005 20.0009 20.0014 20.0025 20.0038 20.0065 20.0096 20.0158 20.0225 20.0353 20.0486 20.0731 20.0975 20.1406 20.1816 20.2512 20.3143 20.4175 20.506 20.6461 20.7589 20.9325 21.0616 21.2566 21.3867 21.5829 21.6928 21.8654 21.9327 22.0579 22.0649 22.1263 22.0649 22.0579 21.9327 21.8654 21.6928 21.5829 21.3867 21.2566 21.0616 20.9325 20.7589 20.6461 20.506 20.4175 20.3143 20.2512 20.1816 20.1406 20.0975 20.0731 20.0486 20.0353 20.0225 20.0158 20.0096 20.0065 20.0038 20.0025 20.0014 20.0009 20.0005 20.0003 20.0001 20.0001 20 20 20 20 20 20 20 20 20 20 20 20 20 20 20 20 20 20 20 20 20 20 20 20 20 20 20 20 20 20 20 20.0001 20.0002 20.0003 20.0006 20.0011 20.0021 20.0038 20.0068 20.0118 20.0202 20.0337 20.0552 20.0887 20.1398 20.2161 20.3278 20.4879 20.7128 21.0224 21.44 21.9921 22.7072 23.6151 24.745 26.1232 27.771 29.7024 31.9213 34.4206 37.1803 40.1675 43.3376 46.6358 50
50 46.6358 43.3376 40.1675 37.1803 34.4206 31.9213 29.7024 27.771 26.1232 24.745 23.6151 22.7072 21.9921 21.44 21.0224 20.7128 20.4879 20.3278 20.2161 20.1398 20.0887 20.0552 20.0337 20.0202 20.0118 20.0068 20.0038 20.0021 20.0011 20.0006 20.0003 20.0002 20.0001 20 20 20 20 20 20 20 20 20 20 20 20 20 20 20 20 20 20 20 20 20 20 20 20 20 20 20 20 20 20 20 20 20.0001 20.0001 20.0002 20.0004 20.0006 20.0011 20.0017 20.003 20.0045 20.0077 20.0111 20.0179 20.025 20.0386 20.0522 20.0772 20.1011 20.1432 20.1816 20.2469 20.3035 20.3962 20.472 20.5924 20.6842 20.8266 20.9254 21.0773 21.1691 21.3129 21.3806 21.4972 21.5251 21.5986 21.5764 21.5986 21.5251 21.4972 21.3806 21.3129 21.1691 21.0773 20.9254 20.8266 20.6842 20.5924 20.472 20.3962 20.3035 20.2469 20.1816 20.1432 20.1011 20.0772 20.0522 20.0386 20.025 20.0179 20.0111 20.0077 20.0045 20.003 20.0017 20.0011 20.0006 20.0004 20.0002 20.0001 20.0001 20 20 20 20 20 20 20 20 20 20 20 20 20 20 20 20 20 20 20 20 20 20 20 20 20 20 20 20 20 20 20 20.0001 20.0002 20.0003 20.0006 20.0011 20.0021 20.0038 20.0068 20.0118 20.0202 20.0337 20.0552 20.0887 20.1398 20.2161 20.3278 20.4879 20.7128 21.0224 21.44 21.9921 22.7072 23.6151 24.745 26.1232 27.771 29.7024 31.9213 34.4206 37.1803 40.1675 43.3376 46.6358 50
50 46.6358 43.3376 40.1675 37.1803 34.4206 31.9213 29.7024 27.771 26.1232 24.745 23.6151 22.7072 21.9921 21.44 21.0224 20.7128 20.4879 20.3278 20.2161 20.1398 20.0887 20.0552 20.0337 20.0202 20.0118 20.0068 20.0038 20.0021 20.0011 20.0006 20.0003 20.0002 20.0001 20 20 20 20 20 20 20 20 20 20 20 20 20 20 20 20 20 20 20 20 20 20 20 20 20 20 20 20 20 20 20 20 20 20.0001 20.0002 20.0003 20.0005 20.0007 20.0014 20.0021 20.0036 20.0053 20.0087 20.0124 20.0196 20.0269 20.0407 20.0541 20.0785 20.1011 20.1406 20.1753 20.2342 20.283 20.363 20.4253 20.5247 20.5959 20.7079 20.7793 20.8924 20.9523 21.0522 21.0879 21.1612 21.1626 21.2 21.1626 21.1612 21.0879 21.0522 20.9523 20.8924 20.7793 20.7079 20.5959 20.5247 20.4253 20.363 20.283 20.2342 20.1753 20.1406 20.1011 20.0785 20.0541 20.0407 20.0269 20.0196 20.0124 20.0087 20.0053 20.0036 20.0021 20.0014 20.0007 20.0005 20.0003 20.0002 20.0001 20 20 20 20 20 20 20 20 20 20 20 20 20 20 20 20 20 20 20 20 20 20 20 20 20 20 20 20 20 20 20 20 20.0001 20.0002 20.0003 20.0006 20.0011 20.0021 20.0038 20.0068 20.0118 20.0202 20.0337 20.0552 20.0887 20.1398 20.2161 20.3278 20.4879 20.7128 21.0224 21.44 21.9921 22.7072 23.6151 24.745 26.1232 27.771 29.7024 31.9213 34.4206 37.1803 40.1675 43.3376 46.6358 50
50 46.6358 43.3376 40.1675 37.1803 34.4206 31.9213 29.7024 27.771 26.1232 24.745 23.6151 22.7072 21.9921 21.44 21.0224 20.7128 20.4879 20.3278 20.2161 20.1398 20.0887 20.0552 20.0337 20.0202 20.0118 20.0068 20.0038 20.0021 20.0011 20.0006 20.0003 20.0002 20.0001 20 20 20 20 20 20 20 20 20 20 20 20 20 20 20 20 20 20 20 20 20 20 20 20 20 20 20 20 20 20 20 20 20 20.0001 20.0001 20.0002 20.0003 20.0006 20.0009 20.0016 20.0024 20.0041 20.0059 20.0095 20.0133 20.0207 20.0278 20.0415 20.0541 20.0772 20.0975 20.1334 20.1634 20.2145 20.2548 20.3212 20.37 20.4488 20.5012 20.5856 20.634 20.7141 20.7493 20.8148 20.8281 20.8702 20.8562 20.8702 20.8281 20.8148 20.7493 20.7141 20.634 20.5856 20.5012 20.4488 20.37 20.3212 20.2548 20.2145 20.1634 20.1334 20.0975 20.0772 20.0541 20.0415 20.0278 20.0207 20.0133 20.0095 20.0059 20.0041 20.0024 20.0016 20.0009 20.0006 20.0003 20.0002 20.0001 20.0001 20 20 20 20 20 20 20 20 20 20 20 20 20 20 20 20 20 20 20 20 20 20 20 20 20 20 20 20 20 20 20 20 20.0001 20.0002 20.0003 20.0006 20.0011 20.0021 20.0038 20.0068 20.0118 20.0202 20.0337 20.0552 20.0887 20.1398 20.2161 20.3278 20.4879 20.7128 21.0224 21.44 21.9921 22.7072 23.6151 24.745 26.1232 27.771 29.7024 31.9213 34.4206 37.1803 40.1675 43.3376 46.6358 50
50 46.6358 43.3376 40.1675 37.1803 34.4206 31.9213 29.7024 27.771 26.1232 24.745 23.6151 22.7072 21.9921 21.44 21.0224 20.7128 20.4879 20.3278 20.2161 20.1398 20.0887 20.0552 20.0337 20.0202 20.0118 20.0068 20.0038 20.0021 20.0011 20.0006 20.0003 20.0002 20.0001 20 20 20 20 20 20 20 20 20 20 20 20 20 20 20 20 20 20 20 20 20 20 20 20 20 20 20 20 20 20 20 20 20 20 20.0001 20.0001 20.0002 20.0004 20.0007 20.001 20.0018 20.0027 20.0045 20.0063 20.0101 20.0138 20.0211 20.0278 20.0407 20.0522 20.0731 20.0909 20.1221 20.147 20.1896 20.2215 20.2745 20.3109 20.3708 20.4072 20.4679 20.4981 20.552 20.5695 20.6095 20.6088 20.6299 20.6088 20.6095 20.5695 20.552 20.4981 20.4679 20.4072 20.3708 20.3109 20.2745 20.2215 20.1896 20.147 20.1221 20.0909 20.0731 20.0522 20.0407 20.0278 20.0211 20.0138 20.0101 20.0063 20.0045 20.0027 20.0018 20.001 20.0007 20.0004 20.0002 20.0001 20.0001 20 20 20 20 20 20 20 20 20 20 20 20 20 20 20 20 20 20 20 20 20 20 20 20 20 20 20 20 20 20 20 20 20 20.0001 20.0002 20.0003 20.0006 20.0011 20.0021 20.0038 20.0068 20.0118 20.0202 20.0337 20.0552 20.0887 20.1398 20.2161 20.3278 20.4879 20.7128 21.0224 21.44 21.9921 22.7072 23.6151 24.745 26.1232 27.771 29.7024 31.9213 34.4206 37.1803 40.1675 43.3376 46.6358 50
50 46.6358 43.3376 40.1675 37.1803 34.4206 31.9213 29.7024 27.771 26.1232 24.745 23.6151 22.7072 21.9921 21.44 21.0224 20.7128 20.4879 20.3278 20.2161 20.1398 20.0887 20.0552 20.0337 20.0202 20.0118 20.0068 20.0038 20.0021 20.0011 20.0006 20.0003 20.0002 20.0001 20 20 20 20 20 20 20 20 20 20 20 20 20 20 20 20 20 20 20 20 20 20 20 20 20 20 20 20 20 20 20 20 20 20 20 20.0001 20.0001 20.0003 20.0004 20.0008 20.0012 20.002 20.0029 20.0047 20.0065 20.0103 20.0138 20.0207 20.0269 20.0386 20.0486 20.0669 20.0817 20.1078 20.1277 20.1618 20.1859 20.2264 20.2522 20.2958 20.3195 20.361 20.3779 20.4121 20.4179 20.4403 20.4322 20.4403 20.4179 20.4121 20.3779 20.361 20.3195 20.2958 20.2522 20.2264 20.1859 20.1618 20.1277 20.1078 20.0817 20.0669 20.0486 20.0386 20.0269 20.0207 20.0138 20.0103 20.0065 20.0047 20.0029 20.002 20.0012 20.0008 20.0004 20.0003 20.0001 20.0001 20 20 20 20 20 20 20 20 20 20 20 20 20 20 20 20 20 20 20 20 20 20 20 20 20 20 20 20 20 20 20 20 20 20 20.0001 20.0002 20.0003 20.0006 20.0011 20.0021 20.0038 20.0068 20.0118 20.0202 20.0337 20.0552 20.0887 20.1398 20.2161 20.3278 20.4879 20.7128 21.0224 21.44 21.9921 22.7072 23.6151 24.745 26.1232 27.771 29.7024 31.9213 34.4206 37.1803 40.1675 43.3376 46.6358 50
50 46.6358 43.3376 40.1675 37.1803 34.4206 31.9213 29.7024 27.771 26.1232 24.745 23.6151 22.7072 21.9921 21.44 21.0224 20.7128 20.4879 20.3278 20.2161 20.1398 20.0887 20.0552 20.0337 20.0202 20.0118 20.0068 20.0038 20.0021 20.0011 20.0006 20.0003 20.0002 20.0001 20 20 20 20 20 20 20 20 20 20 20 20 20 20 20 20 20 20 20 20 20 20 20 20 20 20 20 20 20 20 20 20 20 20 20 20.0001 20.0001 20.0002 20.0003 20.0005 20.0009 20.0013 20.0021 20.003 20.0048 20.0065 20.0101 20.0133 20.0196 20.025 20.0353 20.0437 20.059 20.0709 20.0919 20.1071 20.1333 20.1506 20.1803 20.1976 20.2278 20.242 20.269 20.2769 20.2971 20.2961 20.3071 20.2961 20.2971 20.2769 20.269 20.242 20.2278 20.1976 20.1803 20.1506 20.1333 20.1071 20.0919 20.0709 20.059 20.0437 20.0353 20.025 20.0196 20.0133 20.0101 20.0065 20.0048 20.003 20.0021 20.0013 20.0009 20.0005 20.0003 20.0002 20.0001 20.0001 20 20 20 20 20 20 20 20 20 20 20 20 20 20 20 20 20 20 20 20 20 20 20 20 20 20 20 20 20 20 20 20 20 20 20.0001 20.0002 20.0003 20.0006 20.0011 20.0021 20.0038 20.0068 20.0118 20.0202 20.0337 20.0552 20.0887 20.1398 20.2161 20.3278 20.4879 20.7128 21.0224 21.44 21.9921 22.7072 23.6151 24.745 26.1232 27.771 29.7024 31.9213 34.4206 37.1803 40.1675 43.3376 46.6358 50
50 46.6358 43.3376 40.1675 37.1803 34.4206 31.9213 29.7024 27.771 26.1232 24.745 23.6151 22.7072 21.9921 21.44 21.0224 20.7128 20.4879 20.3278 20.2161 20.1398 20.0887 20.0552 20.0337 20.0202 20.0118 20.0068 20.0038 20.0021 20.0011 20.0006 20.0003 20.0002 20.0001 20 20 20 20 20 20 20 20 20 20 20 20 20 20 20 20 20 20 20 20 20 20 20 20 20 20 20 20 20 20 20 20 20 20 20 20 20.0001 20.0001 20.0002 20.0004 20.0005 20.0009 20.0013 20.0022 20.003 20.0047 20.0063 20.0095 20.0124 20.0179 20.0225 20.0311 20.0379 20.0503 20.0594 20.0756 20.0866 20.106 20.1178 20.1387 20.1494 20.1694 20.1769 20.1935 20.1958 20.2068 20.2025 20.2068 20.1958 20.1935 20.1769 20.1694 20.1494 20.1387 20.1178 20.106 20.0866 20.0756 20.0594 20.0503 20.0379 20.0311 20.0225 20.0179 20.0124 20.0095 20.0063 20.0047 20.003 20.0022 20.0013 20.0009 20.0005 20.0004 20.0002 20.0001 20.0001 20 20 20 20 20 20 20 20 20 20 20 20 20 20 20 20 20 20 20 20 20 20 20 20 20 20 20 20 20 20 20 20 20 20 20 20.0001 20.0002 20.0003 20.0006 20.0011 20.0021 20.0038 20.0068 20.0118 20.0202 20.0337 20.0552 20.0887 20.1398 20.2161 20.3278 20.4879 20.7128 21.0224 21.44 21.9921 22.7072 23.6151 24.745 26.1232 27.771 29.7024 31.9213 34.4206 37.1803 40.1675 43.3376 46.6358 50
50 46.6358 43.3376 40.1675 37.1803 34.4206 31.9213 29.7024 27.771 26.1232 24.745 23.6151 22.7072 21.9921 21.44 21.0224 20.7128 20.4879 20.3278 20.2161 20.1398 20.0887 20.0552 20.0337 20.0202 20.0118 20.0068 20.0038 20.0021 20.0011 20.0006 20.0003 20.0002 20.0001 20 20 20 20 20 20 20 20 20 20 20 20 20 20 20 20 20 20 20 20 20 20 20 20 20 20 20 20 20 20 20 20 20 20 20 20 20 20.0001 20.0001 20.0002 20.0004 20.0005 20.0009 20.0013 20.0021 20.0029 20.0045 20.0059 20.0087 20.0111 20.0158 20.0194 20.0265 20.0317 20.0413 20.048 20.06 20.0676 20.0814 20.0889 20.1029 20.109 20.1216 20.1249 20.1344 20.1336 20.1389 20.1336 20.1344 20.1249 20.1216 20.109 20.1029 20.0889 20.0814 20.0676 20.06 20.048 20.0413 20.0317 20.0265 20.0194 20.0158 20.0111 20.0087 20.0059 20.0045 20.0029 20.0021 20.0013 20.0009 20.0005 20.0004 20.0002 20.0001 20.0001 20 20 20 20 20 20 20 20 20 20 20 20 20 20 20 20 20 20 20 20 20 20 20 20 20 20 20 20 20 20 20 20 20 20 20 20 20.0001 20.0002 20.0003 20.0006 20.0011 20.0021 20.0038 20.0068 20.0118 20.0202 20.0337 20.0552 20.0887 20.1398 20.2161 20.3278 20.4879 20.7128 21.0224 21.44 21.9921 22.7072 23.6151 24.745 26.1232 27.771 29.7024 31.9213 34.4206 37.1803 40.1675 43.3376 46.6358 50
50 46.6358 43.3376 40.1675 37.1803 34.4206 31.9213 29.7024 27.771 26.1232 24.745 23.6151 22.7072 21.9921 21.44 21.0224 20.7128 20.4879 20.3278 20.2161 20.1398 20.0887 20.0552 20.0337 20.0202 20.0118 20.0068 20.0038 20.0021 20.0011 20.0006 20.0003 20.0002 20.0001 20 20 20 20 20 20 20 20 20 20 20 20 20 20 20 20 20 20 20 20 20 20 20 20 20 20 20 20 20 20 20 20 20 20 20 20 20 20.0001 20.0001 20.0001 20.0002 20.0004 20.0005 20.0009 20.0013 20.002 20.0027 20.0041 20.0053 20.0077 20.0096 20.0134 20.0163 20.0217 20.0256 20.0327 20.0374 20.046 20.051 20.0602 20.0648 20.0737 20.0768 20.0842 20.085 20.0901 20.088 20.0901 20.085 20.0842 20.0768 20.0737 20.0648 20.0602 20.051 20.046 20.0374 20.0327 20.0256 20.0217 20.0163 20.0134 20.0096 20.0077 20.0053 20.0041 20.0027 20.002 20.0013 20.0009 20.0005 20.0004 20.0002 20.0001 20.0001 20.0001 20 20 20 20 20 20 20 20 20 20 20 20 20 20 20 20 20 20 20 20 20 20 20 20 20 20 20 20 20 20 20 20 20 20 20 20 20.0001 20.0002 20.0003 20.0006 20.0011 20.0021 20.0038 20.0068 20.0118 20.0202 20.0337 20.0552 20.0887 20.1398 20.2161 20.3278 20.4879 20.7128 21.0224 21.44 21.9921 22.7072 23.6151 24.745 26.1232 27.771 29.7024 31.9213 34.4206 37.1803 40.1675 43.3376 46.6358 50
50 46.6358 43.3376 40.1675 37.1803 34.4206 31.9213 29.7024 27.771 26.1232 24.745 23.6151 22.7072 21.9921 21.44 21.0224 20.7128 20.4879 20.3278 20.2161 20.1398 20.0887 20.0552 20.0337 20.0202 20.0118 20.0068 20.0038 20.0021 20.0011 20.0006 20.0003 20.0002 20.0001 20 20 20 20 20 20 20 20 20 20 20 20 20 20 20 20 20 20 20 20 20 20 20 20 20 20 20 20 20 20 20 20 20 20 20 20 20 20 20.0001 20.0001 20.0002 20.0002 20.0004 20.0005 20.0009 20.0012 20.0018 20.0024 20.0036 20.0045 20.0065 20.008 20.011 20.0131 20.0172 20.0199 20.025 20.0281 20.034 20.0371 20.0431 20.0455 20.0509 20.0522 20.0563 20.0558 20.0582 20.0558 20.0563 20.0522 20.0509 20.0455 20.0431 20.0371 20.034 20.0281 20.025 20.0199 20.0172 20.0131 20.011 20.008 20.0065 20.0045 20.0036 20.0024 20.0018 20.0012 20.0009 20.0005 20.0004 20.0002 20.0002 20.0001 20.0001 20 20 20 20 20 20 20 20 20 20 20 20 20 20 20 20 20 20 20 20 20 20 20 20 20 20 20 20 20 20 20 20 20 20 20 20 20 20.0001 20.0002 20.0003 20.0006 20.0011 20.0021 20.0038 20.0068 20.0118 20.0202 20.0337 20.0552 20.0887 20.1398 20.2161 20.3278 20.4879 20.7128 21.0224 21.44 21.9921 22.7072 23.6151 24.745 26.1232 27.771 29.7024 31.9213 34.4206 37.1803 40.1675 43.3376 46.6358 50
50 46.6358 43.3376 40.1675 37.1803 34.4206 31.9213 29.7024 27.771 26.1232 24.745 23.6151 22.7072 21.9921 21.44 21.0224 20.7128 20.4879 20.3278 20.2161 20.1398 20.0887 20.0552 20.0337 20.0202 20.0118 20.0068 20.0038 20.0021 20.0011 20.0006 20.0003 20.0002 20.0001 20 20 20 20 20 20 20 20 20 20 20 20 20 20 20 20 20 20 20 20 20 20 20 20 20 20 20 20 20 20 20 20 20 20 20 20 20 20 20 20.0001 20.0001 20.0001 20.0002 20.0004 20.0005 20.0008 20.001 20.0016 20.0021 20.003 20.0038 20.0053 20.0064 20.0087 20.0102 20.0131 20.0149 20.0185 20.0204 20.0242 20.026 20.0297 20.0309 20.034 20.0342 20.0363 20.0354 20.0363 20.0342 20.034 20.0309 20.0297 20.026 20.0242 20.0204 20.0185 20.0149 20.0131 20.0102 20.0087 20.0064 20.0053 20.0038 20.003 20.0021 20.0016 20.001 20.0008 20.0005 20.0004 20.0002 20.0001 20.0001 20.0001 20 20 20 20 20 20 20 20 20 20 20 20 20 20 20 20 20 20 20 20 20 20 20 20 20 20 20 20 20 20 20 20 20 20 20 20 20 20 20.0001 20.0002 20.0003 20.0006 20.0011 20.0021 20.0038 20.0068 20.0118 20.0202 20.0337 20.0552 20.0887 20.1398 20.2161 20.3278 20.4879 20.7128 21.0224 21.44 21.9921 22.7072 23.6151 24.745 26.1232 27.771 29.7024 31.9213 34.4206 37.1803 40.1675 43.3376 46.6358 50
50 46.6358 43.3376 40.1675 37.1803 34.4206 31.9213 29.7024 27.771 26.1232 24.745 23.6151 22.7072 21.9921 21.44 21.0224 20.7128 20.4879 20.3278 20.2161 20.1398 20.0887 20.0552 20.0337 20.0202 20.0118 20.0068 20.0038 20.0021 20.0011 20.0006 20.0003 20.0002 20.0001 20 20 20 20 20 20 20 20 20 20 20 20 20 20 20 20 20 20 20 20 20 20 20 20 20 20 20 20 20 20 20 20 20 20 20 20 20 20 20 20 20.0001 20.0001 20.0001 20.0002 20.0003 20.0004 20.0007 20.0009 20.0014 20.0017 20.0025 20.003 20.0042 20.005 20.0066 20.0076 20.0097 20.0108 20.0131 20.0143 20.0167 20.0176 20.0197 20.0202 20.0218 20.0216 20.0226 20.0216 20.0218 20.0202 20.0197 20.0176 20.0167 20.0143 20.0131 20.0108 20.0097 20.0076 20.0066 20.005 20.0042 20.003 20.0025 20.0017 20.0014 20.0009 20.0007 20.0004 20.0003 20.0002 20.0001 20.0001 20.0001 20 20 20 20 20 20 20 20 20 20 20 20 20 20 20 20 20 20 20 20 20 20 20 20 20 20 20 20 20 20 20 20 20 20 20 20 20 20 20 20.0001 20.0002 20.0003 20.0006 20.0011 20.0021 20.0038 20.0068 20.0118 20.0202 20.0337 20.0552 20.0887 20.1398 20.2161 20.3278 20.4879 20.7128 21.0224 21.44 21.9921 22.7072 23.6151 24.745 26.1232 27.771 29.7024 31.9213 34.4206 37.1803 40.1675 43.3376 46.6358 50
50 46.6358 43.3376 40.1675 37.1803 34.4206 31.9213 29.7024 27.771 26.1232 24.745 23.6151 22.7072 21.9921 21.44 21.0224 20.7128 20.4879 20.3278 20.2161 20.1398 20.0887 20.0552 20.0337 20.0202 20.0118 20.0068 20.0038 20.0021 20.0011 20.0006 20.0003 20.0002 20.0001 20 20 20 20 20 20 20 20 20 20 20 20 20 20 20 20 20 20 20 20 20 20 20 20 20 20 20 20 20 20 20 20 20 20 20 20 20 20 20 20 20 20.0001 20.0001 20.0001 20.0002 20.0003 20.0004 20.0006 20.0007 20.0011 20.0014 20.002 20.0024 20.0032 20.0037 20.0049 20.0055 20.0069 20.0076 20.009 20.0096 20.0111 20.0115 20.0127 20.0127 20.0135 20.0132 20.0135 20.0127 20.0127 20.0115 20.0111 20.0096 20.009 20.0076 20.0069 20.0055 20.0049 20.0037 20.0032 20.0024 20.002 20.0014 20.0011 20.0007 20.0006 20.0004 20.0003 20.0002 20.0001 20.0001 20.0001 20 20 20 20 20 20 20 20 20 20 20 20 20 20 20 20 20 20 20 20 20 20 20 20 20 20 20 20 20 20 20 20 20 20 20 20 20 20 20 20 20.0001 20.0002 20.0003 20.0006 20.0011 20.0021 20.0038 20.0068 20.0118 20.0202 20.0337 20.0552 20.0887 20.1398 20.2161 20.3278 20.4879 20.7128 21.0224 21.44 21.9921 22.7072 23.6151 24.745 26.1232 27.771 29.7024 31.9213 34.4206 37.1803 40.1675 43.3376 46.6358 50
50 46.6358 43.3376 40.1675 37.1803 34.4206 31.9213 29.7024 27.771 26.1232 24.745 23.6151 22.7072 21.9921 21.44 21.0224 20.7128 20.4879 20.3278 20.2161 20.1398 20.0887 20.0552 20.0337 20.0202 20.0118 20.0068 20.0038 20.0021 20.0011 20.0006 20.0003 20.0002 20.0001 20 20 20 20 20 20 20 20 20 20 20 20 20 20 20 20 20 20 20 20 20 20 20 20 20 20 20 20 20 20 20 20 20 20 20 20 20 20 20 20 20 20 20 20.0001 20.0001 20.0001 20.0002 20.0003 20.0005 20.0006 20.0009 20.0011 20.0015 20.0018 20.0023 20.0027 20.0034 20.0038 20.0047 20.0051 20.006 20.0063 20.0071 20.0072 20.0078 20.0077 20.0081 20.0077 20.0078 20.0072 20.0071 20.0063 20.006 20.0051 20.0047 20.0038 20.0034 20.0027 20.0023 20.0018 20.0015 20.0011 20.0009 20.0006 20.0005 20.0003 20.0002 20.0001 20.0001 20.0001 20 20 20 20 20 20 20 20 20 20 20 20 20 20 20 20 20 20 20 20 20 20 20 20 20 20 20 20 20 20 20 20 20 20 20 20 20 20 20 20 20 20 20.0001 20.0002 20.0003 20.0006 20.0011 20.0021 20.0038 20.0068 20.0118 20.0202 20.0337 20.0552 20.0887 20.1398 20.2161 20.3278 20.4879 20.7128 21.0224 21.44 21.9921 22.7072 23.6151 24.745 26.1232 27.771 29.7024 31.9213 34.4206 37.1803 40.1675 43.3376 46.6358 50
50 46.6358 43.3376 40.1675 37.1803 34.4206 31.9213 29.7024 27.771 26.1232 24.745 23.6151 22.7072 21.9921 21.44 21.0224 20.7128 20.4879 20.3278 20.2161 20.1398 20.0887 20.0552 20.0337 20.0202 20.0118 20.0068 20.0038 20.0021 20.0011 20.0006 20.0003 20.0002 20.0001 20 20 20 20 20 20 20 20 20 20 20 20 20 20 20 20 20 20 20 20 20 20 20 20 20 20 20 20 20 20 20 20 20 20 20 20 20 20 20 20 20 20 20 20 20.0001 20.0001 20.0001 20.0002 20.0003 20.0004 20.0005 20.0007 20.0008 20.0011 20.0013 20.0017 20.0019 20.0023 20.0026 20.0031 20.0033 20.0038 20.0039 20.0044 20.0044 20.0047 20.0045 20.0047 20.0044 20.0044 20.0039 20.0038 20.0033 20.0031 20.0026 20.0023 20.0019 20.0017 20.0013 20.0011 20.0008 20.0007 20.0005 20.0004 20.0003 20.0002 20.0001 20.0001 20.0001 20 20 20 20 20 20 20 20 20 20 20 20 20 20 20 20 20 20 20 20 20 20 20 20 20 20 20 20 20 20 20 20 20 20 20 20 20 20 20 20 20 20 20 20.0001 20.0002 20.0003 20.0006 20.0011 20.0021 20.0038 20.0068 20.0118 20.0202 20.0337 20.0552 20.0887 20.1398 20.2161 20.3278 20.4879 20.7128 21.0224 21.44 21.9921 22.7072 23.6151 24.745 26.1232 27.771 29.7024 31.9213 34.4206 37.1803 40.1675 43.3376 46.6358 50
50 46.6358 43.3376 40.1675 37.1803 34.4206 31.9213 29.7024 27.771 26.1232 24.745 23.6151 22.7072 21.9921 21.44 21.0224 20.7128 20.4879 20.3278 20.2161 20.1398 20.0887 20.0552 20.0337 20.0202 20.0118 20.0068 20.0038 20.0021 20.0011 20.0006 20.0003 20.0002 20.0001 20 20 20 20 20 20 20 20 20 20 20 20 20 20 20 20 20 20 20 20 20 20 20 20 20 20 20 20 20 20 20 20 20 20 20 20 20 20 20 20 20 20 20 20 20 20 20.0001 20.0001 20.0002 20.0002 20.0003 20.0003 20.0005 20.0006 20.0008 20.0009 20.0011 20.0013 20.0015 20.0017 20.002 20.0021 20.0023 20.0024 20.0026 20.0025 20.0027 20.0025 20.0026 20.0024 20.0023 20.0021 20.002 20.0017 20.0015 20.0013 20.0011 20.0009 20.0008 20.0006 20.0005 20.0003 20.0003 20.0002 20.0002 20.0001 20.0001 20 20 20 20 20 20 20 20 20 20 20 20 20 20 20 20 20 20 20 20 20 20 20 20 20 20 20 20 20 20 20 20 20 20 20 20 20 20 20 20 20 20 20 20 20 20.0001 20.0002 20.0003 20.0006 20.0011 20.0021 20.0038 20.0068 20.0118 20.0202 20.0337 20.0552 20.0887 20.1398 20.2161 20.3278 20.4879 20.7128 21.0224 21.44 21.9921 22.7072 23.6151 24.745 26.1232 27.771 29.7024 31.9213 34.4206 37.1803 40.1675 43.3376 46.6358 50
50 46.6358 43.3376 40.1675 37.1803 34.4206 31.9213 29.7024 27.771 26.1232 24.745 23.6151 22.7072 21.9921 21.44 21.0224 20.7128 20.4879 20.3278 20.2161 20.1398 20.0887 20.0552 20.0337 20.0202 20.0118 20.0068 20.0038 20.0021 20.0011 20.0006 20.0003 20.0002 20.0001 20 20 20 20 20 20 20 20 20 20 20 20 20 20 20 20 20 20 20 20 20 20 20 20 20 20 20 20 20 20 20 20 20 20 20 20 20 20 20 20 20 20 20 20 20 20 20 20.0001 20.0001 20.0001 20.0001 20.0002 20.0002 20.0003 20.0004 20.0005 20.0006 20.0007 20.0008 20.001 20.001 20.0012 20.0012 20.0014 20.0014 20.0015 20.0014 20.0015 20.0014 20.0014 20.0012 20.0012 20.001 20.001 20.0008 20.0007 20.0006 20.0005 20.0004 20.0003 20.0002 20.0002 20.0001 20.0001 20.0001 20.0001 20 20 20 20 20 20 20 20 20 20 20 20 20 20 20 20 20 20 20 20 20 20 20 20 20 20 20 20 20 20 20 20 20 20 20 20 20 20 20 20 20 20 20 20 20 20 20.0001 20.0002 20.0003 20.0006 20.0011 20.0021 20.0038 20.0068 20.0118 20.0202 20.0337 20.0552 20.0887 20.1398 20.2161 20.3278 20.4879 20.7128 21.0224 21.44 21.9921 22.7072 23.6151 24.745 26.1232 27.771 29.7024 31.9213 34.4206 37.1803 40.1675 43.3376 46.6358 50
50 46.6358 43.3376 40.1675 37.1803 34.4206 31.9213 29.7024 27.771 26.1232 24.745 23.6151 22.7072 21.9921 21.44 21.0224 20.7128 20.4879 20.3278 20.2161 20.1398 20.0887 20.0552 20.0337 20.0202 20.0118 20.0068 20.0038 20.0021 20.0011 20.0006 20.0003 20.0002 20.0001 20 20 20 20 20 20 20 20 20 20 20 20 20 20 20 20 20 20 20 20 20 20 20 20 20 20 20 20 20 20 20 20 20 20 20 20 20 20 20 20 20 20 20 20 20 20 20 20 20 20.0001 20.0001 20.0001 20.0001 20.0002 20.0002 20.0003 20.0003 20.0004 20.0005 20.0005 20.0006 20.0006 20.0007 20.0007 20.0008 20.0008 20.0008 20.0008 20.0008 20.0007 20.0007 20.0006 20.0006 20.0005 20.0005 20.0004 20.0003 20.0003 20.0002 20.0002 20.0001 20.0001 20.0001 20.0001 20 20 20 20 20 20 20 20 20 20 20 20 20 20 20 20 20 20 20 20 20 20 20 20 20 20 20 20 20 20 20 20 20 20 20 20 20 20 20 20 20 20 20 20 20 20 20 20 20.0001 20.0002 20.0003 20.0006 20.0011 20.0021 20.0038 20.0068 20.0118 20.0202 20.0337 20.0552 20.0887 20.1398 20.2161 20.3278 20.4879 20.7128 21.0224 21.44 21.9921 22.7072 23.6151 24.745 26.1232 27.771 29.7024 31.9213 34.4206 37.1803 40.1675 43.3376 46.6358 50
50 46.6358 43.3376 40.1675 37.1803 34.4206 31.9213 29.7024 27.771 26.1232 24.745 23.6151 22.7072 21.9921 21.44 21.0224 20.7128 20.4879 20.3278 20.2161 20.1398 20.0887 20.0552 20.0337 20.0202 20.0118 20.0068 20.0038 20.0021 20.0011 20.0006 20.0003 20.0002 20.0001 20 20 20 20 20 20 20 20 20 20 20 20 20 20 20 20 20 20 20 20 20 20 20 20 20 20 20 20 20 20 20 20 20 20 20 20 20 20 20 20 20 20 20 20 20 20 20 20 20 20 20 20.0001 20.0001 20.0001 20.0001 20.0002 20.0002 20.0002 20.0002 20.0003 20.0003 20.0004 20.0004 20.0004 20.0004 20.0004 20.0004 20.0004 20.0004 20.0004 20.0004 20.0004 20.0003 20.0003 20.0002 20.0002 20.0002 20.0002 20.0001 20.0001 20.0001 20.0001 20 20 20 20 20 20 20 20 20 20 20 20 20 20 20 20 20 20 20 20 20 20 20 20 20 20 20 20 20 20 20 20 20 20 20 20 20 20 20 20 20 20 20 20 20 20 20 20 20 20 20.0001 20.0002 20.0003 20.0006 20.0011 20.0021 20.0038 20.0068 20.0118 20.0202 20.0337 20.0552 20.0887 20.1398 20.2161 20.3278 20.4879 20.7128 21.0224 21.44 21.9921 22.7072 23.6151 24.745 26.1232 27.771 29.7024 31.9213 34.4206 37.1803 40.1675 43.3376 46.6358 50
50 46.6358 43.3376 40.1675 37.1803 34.4206 31.9213 29.7024 27.771 26.1232 24.745 23.6151 22.7072 21.9921 21.44 21.0224 20.7128 20.4879 20.3278 20.2161 20.1398 20.0887 20.0552 20.0337 20.0202 20.0118 20.0068 20.0038 20.0021 20.0011 20.0006 20.0003 20.0002 20.0001 20 20 20 20 20 20 20 20 20 20 20 20 20 20 20 20 20 20 20 20 20 20 20 20 20 20 20 20 20 20 20 20 20 20 20 20 20 20 20 20 20 20 20 20 20 20 20 20 20 20 20 20 20 20 20.0001 20.0001 20.0001 20.0001 20.0001 20.0001 20.0002 20.0002 20.0002 20.0002 20.0002 20.0002 20.0002 20.0002 20.0002 20.0002 20.0002 20.0002 20.0002 20.0001 20.0001 20.0001 20.0001 20.0001 20.0001 20 20 20 20 20 20 20 20 20 20 20 20 20 20 20 20 20 20 20 20 20 20 20 20 20 20 20 20 20 20 20 20 20 20 20 20 20 20 20 20 20 20 20 20 20 20 20 20 20 20 20 20 20 20.0001 20.0002 20.0003 20.0006 20.0011 20.0021 20.0038 20.0068 20.0118 20.0202 20.0337 20.0552 20.0887 20.1398 20.2161 20.3278 20.4879 20.7128 21.0224 21.44 21.9921 22.7072 23.6151 24.745 26.1232 27.771 29.7024 31.9213 34.4206 37.1803 40.1675 43.3376 46.6358 50
50 46.6358 43.3376 40.1675 37.1803 34.4206 31.9213 29.7024 27.771 26.1232 24.745 23.6151 22.7072 21.9921 21.44 21.0224 20.7128 20.4879 20.3278 20.2161 20.1398 20.0887 20.0552 20.0337 20.0202 20.0118 20.0068 20.0038 20.0021 20.0011 20.0006 20.0003 20.0002 20.0001 20 20 20 20 20 20 20 20 20 20 20 20 20 20 20 20 20 20 20 20 20 20 20 20 20 20 20 20 20 20 20 20 20 20 20 20 20 20 20 20 20 20 20 20 20 20 20 20 20 20 20 20 20 20 20 20 20 20.0001 20.0001 20.0001 20.0001 20.0001 20.0001 20.0001 20.0001 20.0001 20.0001 20.0001 20.0001 20.0001 20.0001 20.0001 20.0001 20.0001 20.0001 20.0001 20 20 20 20 20 20 20 20 20 20 20 20 20 20 20 20 20 20 20 20 20 20 20 20 20 20 20 20 20 20 20 20 20 20 20 20 20 20 20 20 20 20 20 20 20 20 20 20 20 20 20 20 20 20 20 20 20.0001 20.0002 20.0003 20.0006 20.0011 20.0021 20.0038 20.0068 20.0118 20.0202 20.0337 20.0552 20.0887 20.1398 20.2161 20.3278 20.4879 20.7128 21.0224 21.44 21.9921 22.7072 23.6151 24.745 26.1232 27.771 29.7024 31.9213 34.4206 37.1803 40.1675 43.3376 46.6358 50
50 46.6358 43.3376 40.1675 37.1803 34.4206 31.9213 29.7024 27.771 26.1232 24.745 23.6151 22.7072 21.9921 21.44 21.0224 20.7128 20.4879 20.3278 20.2161 20.1398 20.0887 20.0552 20.0337 20.0202 20.0118 20.0068 20.0038 20.0021 20.0011 20.0006 20.0003 20.0002 20.0001 20 20 20 20 20 20 20 20 20 20 20 20 20 20 20 20 20 20 20 20 20 20 20 20 20 20 20 20 20 20 20 20 20 20 20 20 20 20 20 20 20 20 20 20 20 20 20 20 20 20 20 20 20 20 20 20 20 20 20 20 20 20 20.0001 20.0001 20.0001 20.0001 20.0001 20.0001 20.0001 20.0001 20.0001 20 20 20 20 20 20 20 20 20 20 20 20 20 20 20 20 20 20 20 20 20 20 20 20 20 20 20 20 20 20 20 20 20 20 20 20 20 20 20 20 20 20 20 20 20 20 20 20 20 20 20 20 20 20 20 20 20 20 20 20 20 20.0001 20.0002 20.0003 20.0006 20.0011 20.0021 20.0038 20.0068 20.0118 20.0202 20.0337 20.0552 20.0887 20.1398 20.2161 20.3278 20.4879 20.7128 21.0224 21.44 21.9921 22.7072 23.6151 24.745 26.1232 27.771 29.7024 31.9213 34.4206 37.1803 40.1675 43.3376 46.6358 50
50 46.6358 43.3376 40.1675 37.1803 34.4206 31.9213 29.7024 27.771 26.1232 24.745 23.6151 22.7072 21.9921 21.44 21.0224 20.7128 20.4879 20.3278 20.2161 20.1398 20.0887 20.0552 20.0337 20.0202 20.0118 20.0068 20.0038 20.0021 20.0011 20.0006 20.0003 20.0002 20.0001 20 20 20 20 20 20 20 20 20 20 20 20 20 20 20 20 20 20 20 20 20 20 20 20 20 20 20 20 20 20 20 20 20 20 20 20 20 20 20 20 20 20 20 20 20 20 20 20 20 20 20 20 20 20 20 20 20 20 20 20 20 20 20 20 20 20 20 20 20 20 20 20 20 20 20 20 20 20 20 20 20 20 20 20 20 20 20 20 20 20 20 20 20 20 20 20 20 20 20 20 20 20 20 20 20 20 20 20 20 20 20 20 20 20 20 20 20 20 20 20 20 20 20 20 20 20 20 20 20 20 20 20 20.0001 20.0002 20.0003 20.0006 20.0011 20.0021 20.0038 20.0068 20.0118 20.0202 20.0337 20.0552 20.0887 20.1398 20.2161 20.3278 20.4879 20.7128 21.0224 21.44 21.9921 22.7072 23.6151 24.745 26.1232 27.771 29.7024 31.9213 34.4206 37.1803 40.1675 43.3376 46.6358 50
50 46.6358 43.3376 40.1675 37.1803 34.4206 31.9213 29.7024 27.771 26.1232 24.745 23.6151 22.7072 21.9921 21.44 21.0224 20.7128 20.4879 20.3278 20.2161 20.1398 20.0887 20.0552 20.0337 20.0202 20.0118 20.0068 20.0038 20.0021 20.0011 20.0006 20.0003 20.0002 20.0001 20 20 20 20 20 20 20 20 20 20 20 20 20 20 20 20 20 20 20 20 20 20 20 20 20 20 20 20 20 20 20 20 20 20 20 20 20 20 20 20 20 20 20 20 20 20 20 20 20 20 20 20 20 20 20 20 20 20 20 20 20 20 20 20 20 20 20 20 20 20 20 20 20 20 20 20 20 20 20 20 20 20 20 20 20 20 20 20 20 20 20 20 20 20 20 20 20 20 20 20 20 20 20 20 20 20 20 20 20 20 20 20 20 20 20 20 20 20 20 20 20 20 20 20 20 20 20 20 20 20 20 20 20.0001 20.0002 20.0003 20.0006 20.0011 20.0021 20.0038 20.0068 20.0118 20.0202 20.0337 20.0552 20.0887 20.1398 20.2161 20.3278 20.4879 20.7128 21.0224 21.44 21.9921 22.7072 23.6151 24.745 26.1232 27.771 29.7024 31.9213 34.4206 37.1803 40.1675 43.3376 46.6358 50
50 46.6358 43.3376 40.1675 37.1803 34.4206 31.9213 29.7024 27.771 26.1232 24.745 23.6151 22.7072 21.9921 21.44 21.0224 20.7128 20.4879 20.3278 20.2161 20.1398 20.0887 20.0552 20.0337 20.0202 20.0118 20.0068 20.0038 20.0021 20.0011 20.0006 20.0003 20.0002 20.0001 20 20 20 20 20 20 20 20 20 20 20 20 20 20 20 20 20 20 20 20 20 20 20 20 20 20 20 20 20 20 20 20 20 20 20 20 20 20 20 20 20 20 20 20 20 20 20 20 20 20 20 20 20 20 20 20 20 20 20 20 20 20 20 20 20 20 20 20 20 20 20 20 20 20 20 20 20 20 20 20 20 20 20 20 20 20 20 20 20 20 20 20 20 20 20 20 20 20 20 20 20 20 20 20 20 20 20 20 20 20 20 20 20 20 20 20 20 20 20 20 20 20 20 20 20 20 20 20 20 20 20 20 20.0001 20.0002 20.0003 20.0006 20.0011 20.0021 20.0038 20.0068 20.0118 20.0202 20.0337 20.0552 20.0887 20.1398 20.2161 20.3278 20.4879 20.7128 21.0224 21.44 21.9921 22.7072 23.6151 24.745 26.1232 27.771 29.7024 31.9213 34.4206 37.1803 40.1675 43.3376 46.6358 50
50 46.6358 43.3376 40.1675 37.1803 34.4206 31.9213 29.7024 27.771 26.1232 24.745 23.6151 22.7072 21.9921 21.44 21.0224 20.7128 20.4879 20.3278 20.2161 20.1398 20.0887 20.0552 20.0337 20.0202 20.0118 20.0068 20.0038 20.0021 20.0011 20.0006 20.0003 20.0002 20.0001 20 20 20 20 20 20 20 20 20 20 20 20 20 20 20 20 20 20 20 20 20 20 20 20 20 20 20 20 20 20 20 20 20 20 20 20 20 20 20 20 20 20 20 20 20 20 20 20 20 20 20 20 20 20 20 20 20 20 20 20 20 20 20 20 20 20 20 20 20 20 20 20 20 20 20 20 20 20 20 20 20 20 20 20 20 20 20 20 20 20 20 20 20 20 20 20 20 20 20 20 20 20 20 20 20 20 20 20 20 20 20 20 20 20 20 20 20 20 20 20 20 20 20 20 20 20 20 20 20 20 20 20 20.0001 20.0002 20.0003 20.0006 20.0011 20.0021 20.0038 20.0068 20.0118 20.0202 20.0337 20.0552 20.0887 20.1398 20.2161 20.3278 20.4879 20.7128 21.0224 21.44 21.9921 22.7072 23.6151 24.745 26.1232 27.771 29.7024 31.9213 34.4206 37.1803 40.1675 43.3376 46.6358 50
50 46.6358 43.3376 40.1675 37.1803 34.4206 31.9213 29.7024 27.771 26.1232 24.745 23.6151 22.7072 21.9921 21.44 21.0224 20.7128 20.4879 20.3278 20.2161 20.1398 20.0887 20.0552 20.0337 20.0202 20.0118 20.0068 20.0038 20.0021 20.0011 20.0006 20.0003 20.0002 20.0001 20 20 20 20 20 20 20 20 20 20 20 20 20 20 20 20 20 20 20 20 20 20 20 20 20 20 20 20 20 20 20 20 20 20 20 20 20 20 20 20 20 20 20 20 20 20 20 20 20 20 20 20 20 20 20 20 20 20 20 20 20 20 20 20 20 20 20 20 20 20 20 20 20 20 20 20 20 20 20 20 20 20 20 20 20 20 20 20 20 20 20 20 20 20 20 20 20 20 20 20 20 20 20 20 20 20 20 20 20 20 20 20 20 20 20 20 20 20 20 20 20 20 20 20 20 20 20 20 20 20 20 20 20.0001 20.0002 20.0003 20.0006 20.0011 20.0021 20.0038 20.0068 20.0118 20.0202 20.0337 20.0552 20.0887 20.1398 20.2161 20.3278 20.4879 20.7128 21.0224 21.44 21.9921 22.7072 23.6151 24.745 26.1232 27.771 29.7024 31.9213 34.4206 37.1803 40.1675 43.3376 46.6358 50
50 46.6358 43.3376 40.1675 37.1803 34.4206 31.9213 29.7024 27.771 26.1232 24.745 23.6151 22.7072 21.9921 21.44 21.0224 20.7128 20.4879 20.3278 20.2161 20.1398 20.0887 20.0552 20.0337 20.0202 20.0118 20.0068 20.0038 20.0021 20.0011 20.0006 20.0003 20.0002 20.0001 20 20 20 20 20 20 20 20 20 20 20 20 20 20 20 20 20 20 20 20 20 20 20 20 20 20 20 20 20 20 20 20 20 20 20 20 20 20 20 20 20 20 20 20 20 20 20 20 20 20 20 20 20 20 20 20 20 20 20 20 20 20 20 20 20 20 20 20 20 20 20 20 20 20 20 20 20 20 20 20 20 20 20 20 20 20 20 20 20 20 20 20 20 20 20 20 20 20 20 20 20 20 20 20 20 20 20 20 20 20 20 20 20 20 20 20 20 20 20 20 20 20 20 20 20 20 20 20 20 20 20 20 20.0001 20.0002 20.0003 20.0006 20.0011 20.0021 20.0038 20.0068 20.0118 20.0202 20.0337 20.0552 20.0887 20.1398 20.2161 20.3278 20.4879 20.7128 21.0224 21.44 21.9921 22.7072 23.6151 24.745 26.1232 27.771 29.7024 31.9213 34.4206 37.1803 40.1675 43.3376 46.6358 50
50 46.6358 43.3376 40.1675 37.1803 34.4206 31.9213 29.7024 27.771 26.1232 24.745 23.6151 22.7072 21.9921 21.44 21.0224 20.7128 20.4879 20.3278 20.2161 20.1398 20.0887 20.0552 20.0337 20.0202 20.0118 20.0068 20.0038 20.0021 20.0011 20.0006 20.0003 20.0002 20.0001 20 20 20 20 20 20 20 20 20 20 20 20 20 20 20 20 20 20 20 20 20 20 20 20 20 20 20 20 20 20 20 20 20 20 20 20 20 20 20 20 20 20 20 20 20 20 20 20 20 20 20 20 20 20 20 20 20 20 20 20 20 20 20 20 20 20 20 20 20 20 20 20 20 20 20 20 20 20 20 20 20 20 20 20 20 20 20 20 20 20 20 20 20 20 20 20 20 20 20 20 20 20 20 20 20 20 20 20 20 20 20 20 20 20 20 20 20 20 20 20 20 20 20 20 20 20 20 20 20 20 20 20 20.0001 20.0002 20.0003 20.0006 20.0011 20.0021 20.0038 20.0068 20.0118 20.0202 20.0337 20.0552 20.0887 20.1398 20.2161 20.3278 20.4879 20.7128 21.0224 21.44 21.9921 22.7072 23.6151 24.745 26.1232 27.771 29.7024 31.9213 34.4206 37.1803 40.1675 43.3376 46.6358 50
50 46.6358 43.3376 40.1675 37.1803 34.4206 31.9213 29.7024 27.771 26.1232 24.745 23.6151 22.7072 21.9921 21.44 21.0224 20.7128 20.4879 20.3278 20.2161 20.1398 20.0887 20.0552 20.0337 20.0202 20.0118 20.0068 20.0038 20.0021 20.0011 20.0006 20.0003 20.0002 20.0001 20 20 20 20 20 20 20 20 20 20 20 20 20 20 20 20 20 20 20 20 20 20 20 20 20 20 20 20 20 20 20 20 20 20 20 20 20 20 20 20 20 20 20 20 20 20 20 20 20 20 20 20 20 20 20 20 20 20 20 20 20 20 20 20 20 20 20 20 20 20 20 20 20 20 20 20 20 20 20 20 20 20 20 20 20 20 20 20 20 20 20 20 20 20 20 20 20 20 20 20 20 20 20 20 20 20 20 20 20 20 20 20 20 20 20 20 20 20 20 20 20 20 20 20 20 20 20 20 20 20 20 20 20.0001 20.0002 20.0003 20.0006 20.0011 20.0021 20.0038 20.0068 20.0118 20.0202 20.0337 20.0552 20.0887 20.1398 20.2161 20.3278 20.4879 20.7128 21.0224 21.44 21.9921 22.7072 23.6151 24.745 26.1232 27.771 29.7024 31.9213 34.4206 37.1803 40.1675 43.3376 46.6358 50
50 46.6358 43.3376 40.1675 37.1803 34.4206 31.9213 29.7024 27.771 26.1232 24.745 23.6151 22.7072 21.9921 21.44 21.0224 20.7128 20.4879 20.3278 20.2161 20.1398 20.0887 20.0552 20.0337 20.0202 20.0118 20.0068 20.0038 20.0021 20.0011 20.0006 20.0003 20.0002 20.0001 20 20 20 20 20 20 20 20 20 20 20 20 20 20 20 20 20 20 20 20 20 20 20 20 20 20 20 20 20 20 20 20 20 20 20 20 20 20 20 20 20 20 20 20 20 20 20 20 20 20 20 20 20 20 20 20 20 20 20 20 20 20 20 20 20 20 20 20 20 20 20 20 20 20 20 20 20 20 20 20 20 20 20 20 20 20 20 20 20 20 20 20 20 20 20 20 20 20 20 20 20 20 20 20 20 20 20 20 20 20 20 20 20 20 20 20 20 20 20 20 20 20 20 20 20 20 20 20 20 20 20 20 20.0001 20.0002 20.0003 20.0006 20.0011 20.0021 20.0038 20.0068 20.0118 20.0202 20.0337 20.0552 20.0887 20.1398 20.2161 20.3278 20.4879 20.7128 21.0224 21.44 21.9921 22.7072 23.6151 24.745 26.1232 27.771 29.7024 31.9213 34.4206 37.1803 40.1675 43.3376 46.6358 50
50 46.6358 43.3376 40.1675 37.1803 34.4206 31.9213 29.7024 27.771 26.1232 24.745 23.6151 22.7072 21.9921 21.44 21.0224 20.7128 20.4879 20.3278 20.2161 20.1398 20.0887 20.0552 20.0337 20.0202 20.0118 20.0068 20.0038 20.0021 20.0011 20.0006 20.0003 20.0002 20.0001 20 20 20 20 20 20 20 20 20 20 20 20 20 20 20 20 20 20 20 20 20 20 20 20 20 20 20 20 20 20 20 20 20 20 20 20 20 20 20 20 20 20 20 20 20 20 20 20 20 20 20 20 20 20 20 20 20 20 20 20 20 20 20 20 20 20 20 20 20 20 20 20 20 20 20 20 20 20 20 20 20 20 20 20 20 20 20 20 20 20 20 20 20 20 20 20 20 20 20 20 20 20 20 20 20 20 20 20 20 20 20 20 20 20 20 20 20 20 20 20 20 20 20 20 20 20 20 20 20 20 20 20 20.0001 20.0002 20.0003 20.0006 20.0011 20.0021 20.0038 20.0068 20.0118 20.0202 20.0337 20.0552 20.0887 20.1398 20.2161 20.3278 20.4879 20.7128 21.0224 21.44 21.9921 22.7072 23.6151 24.745 26.1232 27.771 29.7024 31.9213 34.4206 37.1803 40.1675 43.3376 46.6358 50
50 46.6358 43.3376 40.1675 37.1803 34.4206 31.9213 29.7024 27.771 26.1232 24.745 23.6151 22.7072 21.9921 21.44 21.0224 20.7128 20.4879 20.3278 20.2161 20.1398 20.0887 20.0552 20.0337 20.0202 20.0118 20.0068 20.0038 20.0021 20.0011 20.0006 20.0003 20.0002 20.0001 20 20 20 20 20 20 20 20 20 20 20 20 20 20 20 20 20 20 20 20 20 20 20 20 20 20 20 20 20 20 20 20 20 20 20 20 20 20 20 20 20 20 20 20 20 20 20 20 20 20 20 20 20 20 20 20 20 20 20 20 20 20 20 20 20 20 20 20 20 20 20 20 20 20 20 20 20 20 20 20 20 20 20 20 20 20 20 20 20 20 20 20 20 20 20 20 20 20 20 20 20 20 20 20 20 20 20 20 20 20 20 20 20 20 20 20 20 20 20 20 20 20 20 20 20 20 20 20 20 20 20 20 20.0001 20.0002 20.0003 20.0006 20.0011 20.0021 20.0038 20.0068 20.0118 20.0202 20.0337 20.0552 20.0887 20.1398 20.2161 20.3278 20.4879 20.7128 21.0224 21.44 21.9921 22.7072 23.6151 24.745 26.1232 27.771 29.7024 31.9213 34.4206 37.1803 40.1675 43.3376 46.6358 50
50 46.6358 43.3376 40.1675 37.1803 34.4206 31.9213 29.7024 27.771 26.1232 24.745 23.6151 22.7072 21.9921 21.44 21.0224 20.7128 20.4879 20.3278 20.2161 20.1398 20.0887 20.0552 20.0337 20.0202 20.0118 20.0068 20.0038 20.0021 20.0011 20.0006 20.0003 20.0002 20.0001 20 20 20 20 20 20 20 20 20 20 20 20 20 20 20 20 20 20 20 20 20 20 20 20 20 20 20 20 20 20 20 20 20 20 20 20 20 20 20 20 20 20 20 20 20 20 20 20 20 20 20 20 20 20 20 20 20 20 20 20 20 20 20 20 20 20 20 20 20 20 20 20 20 20 20 20 20 20 20 20 20 20 20 20 20 20 20 20 20 20 20 20 20 20 20 20 20 20 20 20 20 20 20 20 20 20 20 20 20 20 20 20 20 20 20 20 20 20 20 20 20 20 20 20 20 20 20 20 20 20 20 20 20.0001 20.0002 20.0003 20.0006 20.0011 20.0021 20.0038 20.0068 20.0118 20.0202 20.0337 20.0552 20.0887 20.1398 20.2161 20.3278 20.4879 20.7128 21.0224 21.44 21.9921 22.7072 23.6151 24.745 26.1232 27.771 29.7024 31.9213 34.4206 37.1803 40.1675 43.3376 46.6358 50
50 46.6358 43.3376 40.1675 37.1803 34.4206 31.9213 29.7024 27.771 26.1232 24.745 23.6151 22.7072 21.9921 21.44 21.0224 20.7128 20.4879 20.3278 20.2161 20.1398 20.0887 20.0552 20.0337 20.0202 20.0118 20.0068 20.0038 20.0021 20.0011 20.0006 20.0003 20.0002 20.0001 20 20 20 20 20 20 20 20 20 20 20 20 20 20 20 20 20 20 20 20 20 20 20 20 20 20 20 20 20 20 20 20 20 20 20 20 20 20 20 20 20 20 20 20 20 20 20 20 20 20 20 20 20 20 20 20 20 20 20 20 20 20 20 20 20 20 20 20 20 20 20 20 20 20 20 20 20 20 20 20 20 20 20 20 20 20 20 20 20 20 20 20 20 20 20 20 20 20 20 20 20 20 20 20 20 20 20 20 20 20 20 20 20 20 20 20 20 20 20 20 20 20 20 20 20 20 20 20 20 20 20 20 20.0001 20.0002 20.0003 20.0006 20.0011 20.0021 20.0038 20.0068 20.0118 20.0202 20.0337 20.0552 20.0887 20.1398 20.2161 20.3278 20.4879 20.7128 21.0224 21.44 21.9921 22.7072 23.6151 24.745 26.1232 27.771 29.7024 31.9213 34.4206 37.1803 40.1675 43.3376 46.6358 50
50 46.6358 43.3376 40.1675 37.1803 34.4206 31.9213 29.7024 27.771 26.1232 24.745 23.6151 22.7072 21.9921 21.44 21.0224 20.7128 20.4879 20.3278 20.2161 20.1398 20.0887 20.0552 20.0337 20.0202 20.0118 20.0068 20.0038 20.0021 20.0011 20.0006 20.0003 20.0002 20.0001 20 20 20 20 20 20 20 20 20 20 20 20 20 20 20 20 20 20 20 20 20 20 20 20 20 20 20 20 20 20 20 20 20 20 20 20 20 20 20 20 20 20 20 20 20 20 20 20 20 20 20 20 20 20 20 20 20 20 20 20 20 20 20 20 20 20 20 20 20 20 20 20 20 20 20 20 20 20 20 20 20 20 20 20 20 20 20 20 20 20 20 20 20 20 20 20 20 20 20 20 20 20 20 20 20 20 20 20 20 20 20 20 20 20 20 20 20 20 20 20 20 20 20 20 20 20 20 20 20 20 20 20 20.0001 20.0002 20.0003 20.0006 20.0011 20.0021 20.0038 20.0068 20.0118 20.0202 20.0337 20.0552 20.0887 20.1398 20.2161 20.3278 20.4879 20.7128 21.0224 21.44 21.9921 22.7072 23.6151 24.745 26.1232 27.771 29.7024 31.9213 34.4206 37.1803 40.1675 43.3376 46.6358 50
50 46.6358 43.3376 40.1675 37.1803 34.4206 31.9213 29.7024 27.771 26.1232 24.745 23.6151 22.7072 21.9921 21.44 21.0224 20.7128 20.4879 20.3278 20.2161 20.1398 20.0887 20.0552 20.0337 20.0202 20.0118 20.0068 20.0038 20.0021 20.0011 20.0006 20.0003 20.0002 20.0001 20 20 20 20 20 20 20 20 20 20 20 20 20 20 20 20 20 20 20 20 20 20 20 20 20 20 20 20 20 20 20 20 20 20 20 20 20 20 20 20 20 20 20 20 20 20 20 20 20 20 20 20 20 20 20 20 20 20 20 20 20 20 20 20 20 20 20 20 20 20 20 20 20 20 20 20 20 20 20 20 20 20 20 20 20 20 20 20 20 20 20 20 20 20 20 20 20 20 20 20 20 20 20 20 20 20 20 20 20 20 20 20 20 20 20 20 20 20 20 20 20 20 20 20 20 20 20 20 20 20 20 20 20.0001 20.0002 20.0003 20.0006 20.0011 20.0021 20.0038 20.0068 20.0118 20.0202 20.0337 20.0552 20.0887 20.1398 20.2161 20.3278 20.4879 20.7128 21.0224 21.44 21.9921 22.7072 23.6151 24.745 26.1232 27.771 29.7024 31.9213 34.4206 37.1803 40.1675 43.3376 46.6358 50
50 46.6358 43.3376 40.1675 37.1803 34.4206 31.9213 29.7024 27.771 26.1232 24.745 23.6151 22.7072 21.9921 21.44 21.0224 20.7128 20.4879 20.3278 20.2161 20.1398 20.0887 20.0552 20.0337 20.0202 20.0118 20.0068 20.0038 20.0021 20.0011 20.0006 20.0003 20.0002 20.0001 20 20 20 20 20 20 20 20 20 20 20 20 20 20 20 20 20 20 20 20 20 20 20 20 20 20 20 20 20 20 20 20 20 20 20 20 20 20 20 20 20 20 20 20 20 20 20 20 20 20 20 20 20 20 20 20 20 20 20 20 20 20 20 20 20 20 20 20 20 20 20 20 20 20 20 20 20 20 20 20 20 20 20 20 20 20 20 20 20 20 20 20 20 20 20 20 20 20 20 20 20 20 20 20 20 20 20 20 20 20 20 20 20 20 20 20 20 20 20 20 20 20 20 20 20 20 20 20 20 20 20 20 20.0001 20.0002 20.0003 20.0006 20.0011 20.0021 20.0038 20.0068 20.0118 20.0202 20.0337 20.0552 20.0887 20.1398 20.2161 20.3278 20.4879 20.7128 21.0224 21.44 21.9921 22.7072 23.6151 24.745 26.1232 27.771 29.7024 31.9213 34.4206 37.1803 40.1675 43.3376 46.6358 50
50 46.6358 43.3376 40.1675 37.1803 34.4206 31.9213 29.7024 27.771 26.1232 24.745 23.6151 22.7072 21.9921 21.44 21.0224 20.7128 20.4879 20.3278 20.2161 20.1398 20.0887 20.0552 20.0337 20.0202 20.0118 20.0068 20.0038 20.0021 20.0011 20.0006 20.0003 20.0002 20.0001 20 20 20 20 20 20 20 20 20 20 20 20 20 20 20 20 20 20 20 20 20 20 20 20 20 20 20 20 20 20 20 20 20 20 20 20 20 20 20 20 20 20 20 20 20 20 20 20 20 20 20 20 20 20 20 20 20 20 20 20 20 20 20 20 20 20 20 20 20 20 20 20 20 20 20 20 20 20 20 20 20 20 20 20 20 20 20 20 20 20 20 20 20 20 20 20 20 20 20 20 20 20 20 20 20 20 20 20 20 20 20 20 20 20 20 20 20 20 20 20 20 20 20 20 20 20 20 20 20 20 20 20 20.0001 20.0002 20.0003 20.0006 20.0011 20.0021 20.0038 20.0068 20.0118 20.0202 20.0337 20.0552 20.0887 20.1398 20.2161 20.3278 20.4879 20.7128 21.0224 21.44 21.9921 22.7072 23.6151 24.745 26.1232 27.771 29.7024 31.9213 34.4206 37.1803 40.1675 43.3376 46.6358 50
50 46.6358 43.3376 40.1675 37.1803 34.4206 31.9213 29.7024 27.771 26.1232 24.745 23.6151 22.7072 21.9921 21.44 21.0224 20.7128 20.4879 20.3278 20.2161 20.1398 20.0887 20.0552 20.0337 20.0202 20.0118 20.0068 20.0038 20.0021 20.0011 20.0006 20.0003 20.0002 20.0001 20 20 20 20 20 20 20 20 20 20 20 20 20 20 20 20 20 20 20 20 20 20 20 20 20 20 20 20 20 20 20 20 20 20 20 20 20 20 20 20 20 20 20 20 20 20 20 20 20 20 20 20 20 20 20 20 20 20 20 20 20 20 20 20 20 20 20 20 20 20 20 20 20 20 20 20 20 20 20 20 20 20 20 20 20 20 20 20 20 20 20 20 20 20 20 20 20 20 20 20 20 20 20 20 20 20 20 20 20 20 20 20 20 20 20 20 20 20 20 20 20 20 20 20 20 20 20 20 20 20 20 20 20.0001 20.0002 20.0003 20.0006 20.0011 20.0021 20.0038 20.0068 20.0118 20.0202 20.0337 20.0552 20.0887 20.1398 20.2161 20.3278 20.4879 20.7128 21.0224 21.44 21.9921 22.7072 23.6151 24.745 26.1232 27.771 29.7024 31.9213 34.4206 37.1803 40.1675 43.3376 46.6358 50
50 46.6358 43.3376 40.1675 37.1803 34.4206 31.9213 29.7024 27.771 26.1232 24.745 23.6151 22.7072 21.9921 21.44 21.0224 20.7128 20.4879 20.3278 20.2161 20.1398 20.0887 20.0552 20.0337 20.0202 20.0118 20.0068 20.0038 20.0021 20.0011 20.0006 20.0003 20.0002 20.0001 20 20 20 20 20 20 20 20 20 20 20 20 20 20 20 20 20 20 20 20 20 20 20 20 20 20 20 20 20 20 20 20 20 20 20 20 20 20 20 20 20 20 20 20 20 20 20 20 20 20 20 20 20 20 20 20 20 20 20 20 20 20 20 20 20 20 20 20 20 20 20 20 20 20 20 20 20 20 20 20 20 20 20 20 20 20 20 20 20 20 20 20 20 20 20 20 20 20 20 20 20 20 20 20 20 20 20 20 20 20 20 20 20 20 20 20 20 20 20 20 20 20 20 20 20 20 20 20 20 20 20 20 20.0001 20.0002 20.0003 20.0006 20.0011 20.0021 20.0038 20.0068 20.0118 20.0202 20.0337 20.0552 20.0887 20.1398 20.2161 20.3278 20.4879 20.7128 21.0224 21.44 21.9921 22.7072 23.6151 24.745 26.1232 27.771 29.7024 31.9213 34.4206 37.1803 40.1675 43.3376 46.6358 50
50 46.6358 43.3376 40.1675 37.1803 34.4206 31.9213 29.7024 27.771 26.1232 24.745 23.6151 22.7071 21.9921 21.44 21.0224 20.7128 20.4879 20.3278 20.2161 20.1398 20.0887 20.0552 20.0337 20.0202 20.0118 20.0068 20.0038 20.0021 20.0011 20.0006 20.0003 20.0002 20.0001 20 20 20 20 20 20 20 20 20 20 20 20 20 20 20 20 20 20 20 20 20 20 20 20 20 20 20 20 20 20 20 20 20 20 20 20 20 20 20 20 20 20 20 20 20 20 20 20 20 20 20 20 20 20 20 20 20 20 20 20 20 20 20 20 20 20 20 20 20 20 20 20 20 20 20 20 20 20 20 20 20 20 20 20 20 20 20 20 20 20 20 20 20 20 20 20 20 20 20 20 20 20 20 20 20 20 20 20 20 20 20 20 20 20 20 20 20 20 20 20 20 20 20 20 20 20 20 20 20 20 20 20 20.0001 20.0002 20.0003 20.0006 20.0011 20.0021 20.0038 20.0068 20.0118 20.0202 20.0337 20.0552 20.0887 20.1398 20.2161 20.3278 20.4879 20.7128 21.0224 21.44 21.9921 22.7071 23.6151 24.745 26.1232 27.771 29.7024 31.9213 34.4206 37.1803 40.1675 43.3376 46.6358 50
50 46.6358 43.3376 40.1675 37.1803 34.4206 31.9213 29.7024 27.771 26.1232 24.745 23.6151 22.7071 21.9921 21.44 21.0224 20.7128 20.4879 20.3278 20.2161 20.1398 20.0887 20.0552 20.0337 20.0202 20.0118 20.0068 20.0038 20.0021 20.0011 20.0006 20.0003 20.0002 20.0001 20 20 20 20 20 20 20 20 20 20 20 20 20 20 20 20 20 20 20 20 20 20 20 20 20 20 20 20 20 20 20 20 20 20 20 20 20 20 20 20 20 20 20 20 20 20 20 20 20 20 20 20 20 20 20 20 20 20 20 20 20 20 20 20 20 20 20 20 20 20 20 20 20 20 20 20 20 20 20 20 20 20 20 20 20 20 20 20 20 20 20 20 20 20 20 20 20 20 20 20 20 20 20 20 20 20 20 20 20 20 20 20 20 20 20 20 20 20 20 20 20 20 20 20 20 20 20 20 20 20 20 20 20.0001 20.0002 20.0003 20.0006 20.0011 20.0021 20.0038 20.0068 20.0118 20.0202 20.0337 20.0552 20.0887 20.1398 20.2161 20.3278 20.4879 20.7128 21.0224 21.44 21.9921 22.7071 23.6151 24.745 26.1232 27.771 29.7024 31.9213 34.4206 37.1803 40.1675 43.3376 46.6358 50
50 46.6358 43.3376 40.1675 37.1803 34.4206 31.9213 29.7024 27.771 26.1232 24.745 23.6151 22.7071 21.9921 21.44 21.0224 20.7128 20.4879 20.3278 20.2161 20.1398 20.0887 20.0552 20.0337 20.0202 20.0118 20.0068 20.0038 20.0021 20.0011 20.0006 20.0003 20.0002 20.0001 20 20 20 20 20 20 20 20 20 20 20 20 20 20 20 20 20 20 20 20 20 20 20 20 20 20 20 20 20 20 20 20 20 20 20 20 20 20 20 20 20 20 20 20 20 20 20 20 20 20 20 20 20 20 20 20 20 20 20 20 20 20 20 20 20 20 20 20 20 20 20 20 20 20 20 20 20 20 20 20 20 20 20 20 20 20 20 20 20 20 20 20 20 20 20 20 20 20 20 20 20 20 20 20 20 20 20 20 20 20 20 20 20 20 20 20 20 20 20 20 20 20 20 20 20 20 20 20 20 20 20 20 20.0001 20.0002 20.0003 20.0006 20.0011 20.0021 20.0038 20.0068 20.0118 20.0202 20.0337 20.0552 20.0887 20.1398 20.2161 20.3278 20.4879 20.7128 21.0224 21.44 21.9921 22.7071 23.6151 24.745 26.1232 27.771 29.7024 31.9213 34.4206 37.1803 40.1675 43.3376 46.6358 50
50 46.6358 43.3376 40.1675 37.1803 34.4206 31.9213 29.7024 27.771 26.1232 24.745 23.6151 22.7071 21.992 21.44 21.0224 20.7128 20.4879 20.3278 20.2161 20.1398 20.0887 20.0552 20.0337 20.0202 20.0118 20.0068 20.0038 20.0021 20.0011 20.0006 20.0003 20.0002 20.0001 20 20 20 20 20 20 20 20 20 20 20 20 20 20 20 20 20 20 20 20 20 20 20 20 20 20 20 20 20 20 20 20 20 20 20 20 20 20 20 20 20 20 20 20 20 20 20 20 20 20 20 20 20 20 20 20 20 20 20 20 20 20 20 20 20 20 20 20 20 20 20 20 20 20 20 20 20 20 20 20 20 20 20 20 20 20 20 20 20 20 20 20 20 20 20 20 20 20 20 20 20 20 20 20 20 20 20 20 20 20 20 20 20 20 20 20 20 20 20 20 20 20 20 20 20 20 20 20 20 20 20 20 20.0001 20.0002 20.0003 20.0006 20.0011 20.0021 20.0038 20.0068 20.0118 20.0202 20.0337 20.0552 20.0887 20.1398 20.2161 20.3278 20.4879 20.7128 21.0224 21.44 21.992 22.7071 23.6151 24.745 26.1232 27.771 29.7024 31.9213 34.4206 37.1803 40.1675 43.3376 46.6358 50
50 46.6358 43.3376 40.1675 37.1803 34.4206 31.9213 29.7024 27.771 26.1232 24.745 23.6151 22.7071 21.992 21.44 21.0224 20.7128 20.4879 20.3278 20.2161 20.1398 20.0887 20.0552 20.0337 20.0202 20.0118 20.0068 20.0038 20.0021 20.0011 20.0006 20.0003 20.0002 20.0001 20 20 20 20 20 20 20 20 20 20 20 20 20 20 20 20 20 20 20 20 20 20 20 20 20 20 20 20 20 20 20 20 20 20 20 20 20 20 20 20 20 20 20 20 20 20 20 20 20 20 20 20 20 20 20 20 20 20 20 20 20 20 20 20 20 20 20 20 20 20 20 20 20 20 20 20 20 20 20 20 20 20 20 20 20 20 20 20 20 20 20 20 20 20 20 20 20 20 20 20 20 20 20 20 20 20 20 20 20 20 20 20 20 20 20 20 20 20 20 20 20 20 20 20 20 20 20 20 20 20 20 20 20.0001 20.0002 20.0003 20.0006 20.0011 20.0021 20.0038 20.0068 20.0118 20.0202 20.0337 20.0552 20.0887 20.1398 20.2161 20.3278 20.4879 20.7128 21.0224 21.44 21.992 22.7071 23.6151 24.745 26.1232 27.771 29.7024 31.9213 34.4206 37.1803 40.1675 43.3376 46.6358 50
50 46.6358 43.3376 40.1675 37.1803 34.4206 31.9213 29.7023 27.771 26.1232 24.745 23.6151 22.7071 21.992 21.44 21.0224 20.7128 20.4879 20.3278 20.2161 20.1398 20.0887 20.0552 20.0337 20.0202 20.0118 20.0068 20.0038 20.0021 20.0011 20.0006 20.0003 20.0002 20.0001 20 20 20 20 20 20 20 20 20 20 20 20 20 20 20 20 20 20 20 20 20 20 20 20 20 20 20 20 20 20 20 20 20 20 20 20 20 20 20 20 20 20 20 20 20 20 20 20 20 20 20 20 20 20 20 20 20 20 20 20 20 20 20 20 20 20 20 20 20 20 20 20 20 20 20 20 20 20 20 20 20 20 20 20 20 20 20 20 20 20 20 20 20 20 20 20 20 20 20 20 20 20 20 20 20 20 20 20 20 20 20 20 20 20 20 20 20 20 20 20 20 20 20 20 20 20 20 20 20 20 20 20 20.0001 20.0002 20.0003 20.0006 20.0011 20.0021 20.0038 20.0068 20.0118 20.0202 20.0337 20.0552 20.0887 20.1398 20.2161 20.3278 20.4879 20.7128 21.0224 21.44 21.992 22.7071 23.6151 24.745 26.1232 27.771 29.7023 31.9213 34.4206 37.1803 40.1675 43.3376 46.6358 50
50 46.6358 43.3376 40.1675 37.1803 34.4206 31.9213 29.7023 27.771 26.1231 24.7449 23.6151 22.7071 21.992 21.44 21.0224 20.7128 20.4879 20.3278 20.2161 20.1398 20.0887 20.0552 20.0337 20.0202 20.0118 20.0068 20.0038 20.0021 20.0011 20.0006 20.0003 20.0001 20.0001 20 20 20 20 20 20 20 20 20 20 20 20 20 20 20 20 20 20 20 20 20 20 20 20 20 20 20 20 20 20 20 20 20 20 20 20 20 20 20 20 20 20 20 20 20 20 20 20 20 20 20 20 20 20 20 20 20 20 20 20 20 20 20 20 20 20 20 20 20 20 20 20 20 20 20 20 20 20 20 20 20 20 20 20 20 20 20 20 20 20 20 20 20 20 20 20 20 20 20 20 20 20 20 20 20 20 20 20 20 20 20 20 20 20 20 20 20 20 20 20 20 20 20 20 20 20 20 20 20 20 20 20 20.0001 20.0001 20.0003 20.0006 20.0011 20.0021 20.0038 20.0068 20.0118 20.0202 20.0337 20.0552 20.0887 20.1398 20.2161 20.3278 20.4879 20.7128 21.0224 21.44 21.992 22.7071 23.6151 24.7449 26.1231 27.771 29.7023 31.9213 34.4206 37.1803 40.1675 43.3376 46.6358 50
50 46.6358 43.3376 40.1675 37.1803 34.4206 31.9213 29.7023 27.771 26.1231 24.7449 23.6151 22.7071 21.992 21.44 21.0224 20.7128 20.4879 20.3278 20.2161 20.1398 20.0887 20.0552 20.0337 20.0201 20.0118 20.0068 20.0038 20.0021 20.0011 20.0006 20.0003 20.0001 20.0001 20 20 20 20 20 20 20 20 20 20 20 20 20 20 20 20 20 20 20 20 20 20 20 20 20 20 20 20 20 20 20 20 20 20 20 20 20 20 20 20 20 20 20 20 20 20 20 20 20 20 20 20 20 20 20 20 20 20 20 20 20 20 20 20 20 20 20 20 20 20 20 20 20 20 20 20 20 20 20 20 20 20 20 20 20 20 20 20 20 20 20 20 20 20 20 20 20 20 20 20 20 20 20 20 20 20 20 20 20 20 20 20 20 20 20 20 20 20 20 20 20 20 20 20 20 20 20 20 20 20 20 20 20.0001 20.0001 20.0003 20.0006 20.0011 20.0021 20.0038 20.0068 20.0118 20.0201 20.0337 20.0552 20.0887 20.1398 20.2161 20.3278 20.4879 20.7128 21.0224 21.44 21.992 22.7071 23.6151 24.7449 26.1231 27.771 29.7023 31.9213 34.4206 37.1803 40.1675 43.3376 46.6358 50
50 46.6358 43.3376 40.1675 37.1802 34.4206 31.9213 29.7023 27.771 26.1231 24.7449 23.615 22.7071 21.992 21.44 21.0224 20.7128 20.4879 20.3277 20.2161 20.1397 20.0887 20.0552 20.0336 20.0201 20.0118 20.0067 20.0038 20.0021 20.0011 20.0006 20.0003 20.0001 20 20 20 20 20 19.9999 19.9999 19.9999 19.9999 19.9999 19.9999 19.9999 19.9999 19.9999 19.9999 19.9999 19.9999 19.9999 19.9999 19.9999 19.9999 19.9999 19.9999 19.9999 19.9999 19.9999 19.9999 19.9999 19.9999 19.9999 19.9999 19.9999 19.9999 19.9999 19.9999 19.9999 19.9999 19.9999 19.9999 19.9999 19.9999 19.9999 19.9999 19.9999 19.9999 19.9999 19.9999 19.9999 19.9999 19.9999 19.9999 19.9999 19.9999 19.9999 19.9999 19.9999 19.9999 19.9999 19.9999 19.9999 19.9999 19.9999 19.9999 19.9999 19.9999 19.9999 19.9999 19.9999 19.9999 19.9999 19.9999 19.9999 19.9999 19.9999 19.9999 19.9999 19.9999 19.9999 19.9999 19.9999 19.9999 19.9999 19.9999 19.9999 19.9999 19.9999 19.9999 19.9999 19.9999 19.9999 19.9999 19.9999 19.9999 19.9999 19.9999 19.9999 19.9999 19.9999 19.9999 19.9999 19.9999 19.9999 19.9999 19.9999 19.9999 19.9999 19.9999 19.9999 19.9999 19.9999 19.9999 19.9999 19.9999 19.9999 19.9999 19.9999 19.9999 19.9999 19.9999 19.9999 19.9999 19.9999 19.9999 19.9999 19.9999 19.9999 19.9999 19.9999 19.9999 20 20 20 20 20 20.0001 20.0003 20.0006 20.0011 20.0021 20.0038 20.0067 20.0118 20.0201 20.0336 20.0552 20.0887 20.1397 20.2161 20.3277 20.4879 20.7128 21.0224 21.44 21.992 22.7071 23.615 24.7449 26.1231 27.771 29.7023 31.9213 34.4206 37.1802 40.1675 43.3376 46.6358 50
50 46.6358 43.3376 40.1675 37.1802 34.4206 31.9213 29.7023 27.7709 26.1231 24.7449 23.615 22.707 21.9919 21.4399 21.0223 20.7127 20.4878 20.3277 20.216 20.1397 20.0886 20.0551 20.0336 20.0201 20.0117 20.0067 20.0037 20.002 20.001 20.0005 20.0002 20.0001 20 19.9999 19.9999 19.9999 19.9999 19.9999 19.9999 19.9999 19.9999 19.9999 19.9999 19.9999 19.9999 19.9999 19.9999 19.9999 19.9999 19.9999 19.9999 19.9999 19.9999 19.9999 19.9999 19.9999 19.9999 19.9999 19.9999 19.9999 19.9999 19.9999 19.9999 19.9999 19.9999 19.9999 19.9999 19.9999 19.9999 19.9999 19.9999 19.9999 19.9999 19.9999 19.9999 19.9999 19.9999 19.9999 19.9999 19.9999 19.9999 19.9999 19.9999 19.9999 19.9999 19.9999 19.9999 19.9999 19.9999 19.9999 19.9999 19.9999 19.9999 19.9999 19.9999 19.9999 19.9999 19.9999 19.9999 19.9999 19.9999 19.9999 19.9999 19.9999 19.9999 19.9999 19.9999 19.9999 19.9999 19.9999 19.9999 19.9999 19.9999 19.9999 19.9999 19.9999 19.9999 19.9999 19.9999 19.9999 19.9999 19.9999 19.9999 19.9999 19.9999 19.9999 19.9999 19.9999 19.9999 19.9999 19.9999 19.9999 19.9999 19.9999 19.9999 19.9999 19.9999 19.9999 19.9999 19.9999 19.9999 19.9999 19.9999 19.9999 19.9999 19.9999 19.9999 19.9999 19.9999 19.9999 19.9999 19.9999 19.9999 19.9999 19.9999 19.9999 19.9999 19.9999 19.9999 19.9999 19.9999 19.9999 19.9999 19.9999 19.9999 20 20.0001 20.0002 20.0005 20.001 20.002 20.0037 20.0067 20.0117 20.0201 20.0336 20.0551 20.0886 20.1397 20.216 20.3277 20.4878 20.7127 21.0223 21.4399 21.9919 22.707 23.615 24.7449 26.1231 27.7709 29.7023 31.9213 34.4206 37.1802 40.1675 43.3376 46.6358 50
50 46.6358 43.3376 40.1674 37.1802 34.4205 31.9212 29.7022 27.7708 26.123 24.7448 23.6149 22.7069 21.9918 21.4398 21.0222 20.7126 20.4877 20.3276 20.2159 20.1396 20.0885 20.055 20.0335 20.02 20.0116 20.0066 20.0036 20.0019 20.0009 20.0004 20.0001 20 19.9999 19.9998 19.9998 19.9998 19.9998 19.9998 19.9998 19.9998 19.9998 19.9998 19.9998 19.9998 19.9998 19.9998 19.9998 19.9998 19.9998 19.9998 19.9998 19.9998 19.9998 19.9998 19.9998 19.9998 19.9998 19.9998 19.9998 19.9998 19.9998 19.9998 19.9998 19.9998 19.9998 19.9998 19.9998 19.9998 19.9998 19.9998 19.9998 19.9998 19.9998 19.9998 19.9998 19.9998 19.9998 19.9998 19.9998 19.9998 19.9998 19.9998 19.9998 19.9998 19.9998 19.9998 19.9998 19.9998 19.9998 19.9998 19.9998 19.9998 19.9998 19.9998 19.9998 19.9998 19.9998 19.9998 19.9998 19.9998 19.9998 19.9998 19.9998 19.9998 19.9998 19.9998 19.9998 19.9998 19.9998 19.9998 19.9998 19.9998 19.9998 19.9998 19.9998 19.9998 19.9998 19.9998 19.9998 19.9998 19.9998 19.9998 19.9998 19.9998 19.9998 19.9998 19.9998 19.9998 19.9998 19.9998 19.9998 19.9998 19.9998 19.9998 19.9998 19.9998 19.9998 19.9998 19.9998 19.9998 19.9998 19.9998 19.9998 19.9998 19.9998 19.9998 19.9998 19.9998 19.9998 19.9998 19.9998 19.9998 19.9998 19.9998 19.9998 19.9998 19.9998 19.9998 19.9998 19.9998 19.9998 19.9998 19.9998 19.9998 19.9998 19.9999 20 20.0001 20.0004 20.0009 20.0019 20.0036 20.0066 20.0116 20.02 20.0335 20.055 20.0885 20.1396 20.2159 20.3276 20.4877 20.7126 21.0222 21.4398 21.9918 22.7069 23.6149 24.7448 26.123 27.7708 29.7022 31.9212 34.4205 37.1802 40.1674 43.3376 46.6358 50
50 46.6358 43.3375 40.1673 37.1801 34.4204 31.9211 29.702 27.7707 26.1228 24.7446 23.6147 22.7068 21.9917 21.4396 21.022 20.7124 20.4875 20.3274 20.2157 20.1394 20.0883 20.0548 20.0333 20.0198 20.0114 20.0064 20.0034 20.0017 20.0007 20.0002 19.9999 19.9998 19.9997 19.9996 19.9996 19.9996 19.9996 19.9996 19.9996 19.9996 19.9996 19.9996 19.9996 19.9996 19.9996 19.9996 19.9996 19.9996 19.9996 19.9996 19.9996 19.9996 19.9996 19.9996 19.9996 19.9996 19.9996 19.9996 19.9996 19.9996 19.9996 19.9996 19.9996 19.9996 19.9996 19.9996 19.9996 19.9996 19.9996 19.9996 19.9996 19.9996 19.9996 19.9996 19.9996 19.9996 19.9996 19.9996 19.9996 19.9996 19.9996 19.9996 19.9996 19.9996 19.9996 19.9996 19.9996 19.9996 19.9996 19.9996 19.9996 19.9996 19.9996 19.9996 19.9996 19.9996 19.9996 19.9996 19.9996 19.9996 19.9996 19.9996 19.9996 19.9996 19.9996 19.9996 19.9996 19.9996 19.9996 19.9996 19.9996 19.9996 19.9996 19.9996 19.9996 19.9996 19.9996 19.9996 19.9996 19.9996 19.9996 19.9996 19.9996 19.9996 19.9996 19.9996 19.9996 19.9996 19.9996 19.9996 19.9996 19.9996 19.9996 19.9996 19.9996 19.9996 19.9996 19.9996 19.9996 19.9996 19.9996 19.9996 19.9996 19.9996 19.9996 19.9996 19.9996 19.9996 19.9996 19.9996 19.9996 19.9996 19.9996 19.9996 19.9996 19.9996 19.9996 19.9996 19.9996 19.9996 19.9996 19.9996 19.9996 19.9996 19.9996 19.9997 19.9998 19.9999 20.0002 20.0007 20.0017 20.0034 20.0064 20.0114 20.0198 20.0333 20.0548 20.0883 20.1394 20.2157 20.3274 20.4875 20.7124 21.022 21.4396 21.9917 22.7068 23.6147 24.7446 26.1228 27.7707 29.702 31.9211 34.4204 37.1801 40.1673 43.3375 46.6358 50
50 46.6357 43.3374 40.1672 37.1799 34.4202 31.9208 29.7018 27.7704 26.1225 24.7443 23.6144 22.7064 21.9913 21.4393 21.0217 20.7121 20.4871 20.327 20.2154 20.139 20.088 20.0545 20.0329 20.0194 20.0111 20.006 20.0031 20.0014 20.0004 19.9998 19.9996 19.9994 19.9993 19.9993 19.9993 19.9992 19.9992 19.9992 19.9992 19.9992 19.9992 19.9992 19.9992 19.9992 19.9992 19.9992 19.9992 19.9992 19.9992 19.9992 19.9992 19.9992 19.9992 19.9992 19.9992 19.9992 19.9992 19.9992 19.9992 19.9992 19.9992 19.9992 19.9992 19.9992 19.9992 19.9992 19.9992 19.9992 19.9992 19.9992 19.9992 19.9992 19.9992 19.9992 19.9992 19.9992 19.9992 19.9992 19.9992 19.9992 19.9992 19.9992 19.9992 19.9992 19.9992 19.9992 19.9992 19.9992 19.9992 19.9992 19.9992 19.9992 19.9992 19.9992 19.9992 19.9992 19.9992 19.9992 19.9992 19.9992 19.9992 19.9992 19.9992 19.9992 19.9992 19.9992 19.9992 19.9992 19.9992 19.9992 19.9992 19.9992 19.9992 19.9992 19.9992 19.9992 19.9992 19.9992 19.9992 19.9992 19.9992 19.9992 19.9992 19.9992 19.9992 19.9992 19.9992 19.9992 19.9992 19.9992 19.9992 19.9992 19.9992 19.9992 19.9992 19.9992 19.9992 19.9992 19.9992 19.9992 19.9992 19.9992 19.9992 19.9992 19.9992 19.9992 19.9992 19.9992 19.9992 19.9992 19.9992 19.9992 19.9992 19.9992 19.9992 19.9992 19.9992 19.9992 19.9992 19.9992 19.9992 19.9992 19.9992 19.9993 19.9993 19.9993 19.9994 19.9996 19.9998 20.0004 20.0014 20.0031 20.006 20.0111 20.0194 20.0329 20.0545 20.088 20.139 20.2154 20.327 20.4871 20.7121 21.0217 21.4393 21.9913 22.7064 23.6144 24.7443 26.1225 27.7704 29.7018 31.9208 34.4202 37.1799 40.1672 43.3374 46.6357 50
50 46.6356 43.3372 40.167 37.1796 34.4198 31.9204 29.7013 27.7698 26.1219 24.7437 23.6138 22.7058 21.9907 21.4387 21.021 20.7114 20.4865 20.3264 20.2147 20.1384 20.0873 20.0538 20.0323 20.0188 20.0104 20.0054 20.0024 20.0007 19.9997 19.9992 19.9989 19.9987 19.9987 19.9986 19.9986 19.9986 19.9986 19.9986 19.9986 19.9986 19.9986 19.9986 19.9986 19.9986 19.9986 19.9986 19.9986 19.9986 19.9986 19.9986 19.9986 19.9986 19.9986 19.9986 19.9986 19.9986 19.9986 19.9986 19.9986 19.9986 19.9986 19.9986 19.9986 19.9986 19.9986 19.9986 19.9986 19.9986 19.9986 19.9986 19.9986 19.9986 19.9986 19.9986 19.9986 19.9986 19.9986 19.9986 19.9986 19.9986 19.9986 19.9986 19.9986 19.9986 19.9986 19.9986 19.9986 19.9986 19.9986 19.9986 19.9986 19.9986 19.9986 19.9986 19.9986 19.9986 19.9986 19.9986 19.9986 19.9986 19.9986 19.9986 19.9986 19.9986 19.9986 19.9986 19.9986 19.9986 19.9986 19.9986 19.9986 19.9986 19.9986 19.9986 19.9986 19.9986 19.9986 19.9986 19.9986 19.9986 19.9986 19.9986 19.9986 19.9986 19.9986 19.9986 19.9986 19.9986 19.9986 19.9986 19.9986 19.9986 19.9986 19.9986 19.9986 19.9986 19.9986 19.9986 19.9986 19.9986 19.9986 19.9986 19.9986 19.9986 19.9986 19.9986 19.9986 19.9986 19.9986 19.9986 19.9986 19.9986 19.9986 19.9986 19.9986 19.9986 19.9986 19.9986 19.9986 19.9986 19.9986 19.9986 19.9986 19.9986 19.9986 19.9987 19.9987 19.9989 19.9992 19.9997 20.0007 20.0024 20.0054 20.0104 20.0188 20.0323 20.0538 20.0873 20.1384 20.2147 20.3264 20.4865 20.7114 21.021 21.4387 21.9907 22.7058 23.6138 24.7437 26.1219 27.7698 29.7013 31.9204 34.4198 37.1796 40.167 43.3372 46.6356 50
50 46.6355 43.3369 40.1665 37.179 34.4191 31.9196 29.7004 27.7689 26.1209 24.7426 23.6127 22.7047 21.9896 21.4375 21.0199 20.7103 20.4854 20.3252 20.2136 20.1372 20.0862 20.0527 20.0311 20.0176 20.0093 20.0042 20.0013 19.9996 19.9986 19.9981 19.9978 19.9976 19.9975 19.9975 19.9975 19.9975 19.9974 19.9974 19.9974 19.9974 19.9974 19.9974 19.9974 19.9974 19.9974 19.9974 19.9974 19.9974 19.9974 19.9974 19.9974 19.9974 19.9974 19.9974 19.9974 19.9974 19.9974 19.9974 19.9974 19.9974 19.9974 19.9974 19.9974 19.9974 19.9974 19.9974 19.9974 19.9974 19.9974 19.9974 19.9974 19.9974 19.9974 19.9974 19.9974 19.9974 19.9974 19.9974 19.9974 19.9974 19.9974 19.9974 19.9974 19.9974 19.9974 19.9974 19.9974 19.9974 19.9974 19.9974 19.9974 19.9974 19.9974 19.9974 19.9974 19.9974 19.9974 19.9974 19.9974 19.9974 19.9974 19.9974 19.9974 19.9974 19.9974 19.9974 19.9974 19.9974 19.9974 19.9974 19.9974 19.9974 19.9974 19.9974 19.9974 19.9974 19.9974 19.9974 19.9974 19.9974 19.9974 19.9974 19.9974 19.9974 19.9974 19.9974 19.9974 19.9974 19.9974 19.9974 19.9974 19.9974 19.9974 19.9974 19.9974 19.9974 19.9974 19.9974 19.9974 19.9974 19.9974 19.9974 19.9974 19.9974 19.9974 19.9974 19.9974 19.9974 19.9974 19.9974 19.9974 19.9974 19.9974 19.9974 19.9974 19.9974 19.9974 19.9974 19.9974 19.9974 19.9974 19.9974 19.9975 19.9975 19.9975 19.9975 19.9976 19.9978 19.9981 19.9986 19.9996 20.0013 20.0042 20.0093 20.0176 20.0311 20.0527 20.0862 20.1372 20.2136 20.3252 20.4854 20.7103 21.0199 21.4375 21.9896 22.7047 23.6127 24.7426 26.1209 27.7689 29.7004 31.9196 34.4191 37.179 40.1665 43.3369 46.6355 50
50 46.6352 43.3364 40.1657 37.178 34.4179 31.9182 29.6989 27.7672 26.1192 24.7408 23.6108 22.7028 21.9876 21.4356 21.0179 20.7083 20.4834 20.3233 20.2116 20.1353 20.0842 20.0507 20.0292 20.0156 20.0073 20.0023 19.9993 19.9976 19.9966 19.9961 19.9958 19.9956 19.9955 19.9955 19.9955 19.9955 19.9955 19.9955 19.9955 19.9955 19.9955 19.9955 19.9955 19.9955 19.9955 19.9955 19.9955 19.9955 19.9955 19.9955 19.9955 19.9955 19.9955 19.9955 19.9955 19.9955 19.9955 19.9955 19.9955 19.9955 19.9955 19.9955 19.9955 19.9955 19.9955 19.9955 19.9955 19.9955 19.9955 19.9955 19.9955 19.9955 19.9955 19.9955 19.9955 19.9955 19.9955 19.9955 19.9955 19.9955 19.9955 19.9955 19.9955 19.9955 19.9955 19.9955 19.9955 19.9955 19.9955 19.9955 19.9955 19.9955 19.9955 19.9955 19.9955 19.9955 19.9955 19.9955 19.9955 19.9955 19.9955 19.9955 19.9955 19.9955 19.9955 19.9955 19.9955 19.9955 19.9955 19.9955 19.9955 19.9955 19.9955 19.9955 19.9955 19.9955 19.9955 19.9955 19.9955 19.9955 19.9955 19.9955 19.9955 19.9955 19.9955 19.9955 19.9955 19.9955 19.9955 19.9955 19.9955 19.9955 19.9955 19.9955 19.9955 19.9955 19.9955 19.9955 19.9955 19.9955 19.9955 19.9955 19.9955 19.9955 19.9955 19.9955 19.9955 19.9955 19.9955 19.9955 19.9955 19.9955 19.9955 19.9955 19.9955 19.9955 19.9955 19.9955 19.9955 19.9955 19.9955 19.9955 19.9955 19.9955 19.9955 19.9955 19.9956 19.9958 19.9961 19.9966 19.9976 19.9993 20.0023 20.0073 20.0156 20.0292 20.0507 20.0842 20.1353 20.2116 20.3233 20.4834 20.7083 21.0179 21.4356 21.9876 22.7028 23.6108 24.7408 26.1192 27.7672 29.6989 31.9182 34.4179 37.178 40.1657 43.3364 46.6352 50
50 46.6348 43.3355 40.1644 37.1763 34.4158 31.9158 29.6963 27.7644 26.1162 24.7377 23.6076 22.6995 21.9843 21.4323 21.0146 20.705 20.48 20.3199 20.2082 20.1319 20.0808 20.0473 20.0258 20.0123 20.0039 19.9989 19.9959 19.9942 19.9933 19.9927 19.9924 19.9923 19.9922 19.9922 19.9921 19.9921 19.9921 19.9921 19.9921 19.9921 19.9921 19.9921 19.9921 19.9921 19.9921 19.9921 19.9921 19.9921 19.9921 19.9921 19.9921 19.9921 19.9921 19.9921 19.9921 19.9921 19.9921 19.9921 19.9921 19.9921 19.9921 19.9921 19.9921 19.9921 19.9921 19.9921 19.9921 19.9921 19.9921 19.9921 19.9921 19.9921 19.9921 19.9921 19.9921 19.9921 19.9921 19.9921 19.9921 19.9921 19.9921 19.9921 19.9921 19.9921 19.9921 19.9921 19.9921 19.9921 19.9921 19.9921 19.9921 19.9921 19.9921 19.9921 19.9921 19.9921 19.9921 19.9921 19.9921 19.9921 19.9921 19.9921 19.9921 19.9921 19.9921 19.9921 19.9921 19.9921 19.9921 19.9921 19.9921 19.9921 19.9921 19.9921 19.9921 19.9921 19.9921 19.9921 19.9921 19.9921 19.9921 19.9921 19.9921 19.9921 19.9921 19.9921 19.9921 19.9921 19.9921 19.9921 19.9921 19.9921 19.9921 19.9921 19.9921 19.9921 19.9921 19.9921 19.9921 19.9921 19.9921 19.9921 19.9921 19.9921 19.9921 19.9921 19.9921 19.9921 19.9921 19.9921 19.9921 19.9921 19.9921 19.9921 19.9921 19.9921 19.9921 19.9921 19.9921 19.9921 19.9921 19.9921 19.9921 19.9921 19.9922 19.9922 19.9923 19.9924 19.9927 19.9933 19.9942 19.9959 19.9989 20.0039 20.0123 20.0258 20.0473 20.0808 20.1319 20.2082 20.3199 20.48 20.705 21.0146 21.4323 21.9843 22.6995 23.6076 24.7377 26.1162 27.7644 29.6963 31.9158 34.4158 37.1763 40.1644 43.3355 46.6348 50
50 46.634 43.334 40.1621 37.1734 34.4124 31.9119 29.6919 27.7597 26.1113 24.7326 23.6024 22.6942 21.9789 21.4268 21.0091 20.6994 20.4745 20.3144 20.2027 20.1264 20.0753 20.0418 20.0203 20.0067 19.9984 19.9934 19.9904 19.9887 19.9877 19.9872 19.9869 19.9867 19.9866 19.9866 19.9866 19.9866 19.9866 19.9866 19.9866 19.9866 19.9866 19.9866 19.9866 19.9866 19.9866 19.9866 19.9866 19.9866 19.9866 19.9866 19.9866 19.9866 19.9866 19.9866 19.9866 19.9866 19.9866 19.9866 19.9866 19.9866 19.9866 19.9866 19.9866 19.9866 19.9866 19.9866 19.9866 19.9866 19.9866 19.9866 19.9866 19.9866 19.9866 19.9866 19.9866 19.9866 19.9866 19.9866 19.9866 19.9866 19.9866 19.9866 19.9866 19.9866 19.9866 19.9866 19.9866 19.9866 19.9866 19.9866 19.9866 19.9866 19.9866 19.9866 19.9866 19.9866 19.9866 19.9866 19.9866 19.9866 19.9866 19.9866 19.9866 19.9866 19.9866 19.9866 19.9866 19.9866 19.9866 19.9866 19.9866 19.9866 19.9866 19.9866 19.9866 19.9866 19.9866 19.9866 19.9866 19.9866 19.9866 19.9866 19.9866 19.9866 19.9866 19.9866 19.9866 19.9866 19.9866 19.9866 19.9866 19.9866 19.9866 19.9866 19.9866 19.9866 19.9866 19.9866 19.9866 19.9866 19.9866 19.9866 19.9866 19.9866 19.9866 19.9866 19.9866 19.9866 19.9866 19.9866 19.9866 19.9866 19.9866 19.9866 19.9866 19.9866 19.9866 19.9866 19.9866 19.9866 19.9866 19.9866 19.9866 19.9866 19.9866 19.9866 19.9867 19.9869 19.9872 19.9877 19.9887 19.9904 19.9934 19.9984 20.0067 20.0203 20.0418 20.0753 20.1264 20.2027 20.3144 20.4745 20.6994 21.0091 21.4268 21.9789 22.6942 23.6024 24.7326 26.1113 27.7597 29.6919 31.9119 34.4124 37.1734 40.1621 43.334 46.634 50
50 46.6327 43.3315 40.1585 37.1686 34.4067 31.9054 29.6848 27.7521 26.1032 24.7242 23.5937 22.6854 21.97 21.4178 21.0001 20.6904 20.4655 20.3053 20.1936 20.1173 20.0662 20.0327 20.0112 19.9977 19.9894 19.9843 19.9814 19.9796 19.9787 19.9781 19.9778 19.9777 19.9776 19.9776 19.9776 19.9775 19.9775 19.9775 19.9775 19.9775 19.9775 19.9775 19.9775 19.9775 19.9775 19.9775 19.9775 19.9775 19.9775 19.9775 19.9775 19.9775 19.9775 19.9775 19.9775 19.9775 19.9775 19.9775 19.9775 19.9775 19.9775 19.9775 19.9775 19.9775 19.9775 19.9775 19.9775 19.9775 19.9775 19.9775 19.9775 19.9775 19.9775 19.9775 19.9775 19.9775 19.9775 19.9775 19.9775 19.9775 19.9775 19.9775 19.9775 19.9775 19.9775 19.9775 19.9775 19.9775 19.9775 19.9775 19.9775 19.9775 19.9775 19.9775 19.9775 19.9775 19.9775 19.9775 19.9775 19.9775 19.9775 19.9775 19.9775 19.9775 19.9775 19.9775 19.9775 19.9775 19.9775 19.9775 19.9775 19.9775 19.9775 19.9775 19.9775 19.9775 19.9775 19.9775 19.9775 19.9775 19.9775 19.9775 19.9775 19.9775 19.9775 19.9775 19.9775 19.9775 19.9775 19.9775 19.9775 19.9775 19.9775 19.9775 19.9775 19.9775 19.9775 19.9775 19.9775 19.9775 19.9775 19.9775 19.9775 19.9775 19.9775 19.9775 19.9775 19.9775 19.9775 19.9775 19.9775 19.9775 19.9775 19.9775 19.9775 19.9775 19.9775 19.9775 19.9775 19.9775 19.9775 19.9775 19.9775 19.9776 19.9776 19.9776 19.9777 19.9778 19.9781 19.9787 19.9796 19.9814 19.9843 19.9894 19.9977 20.0112 20.0327 20.0662 20.1173 20.1936 20.3053 20.4655 20.6904 21.0001 21.4178 21.97 22.6854 23.5937 24.7242 26.1032 27.7521 29.6848 31.9054 34.4067 37.1686 40.1585 43.3315 46.6327 50
50 46.6306 43.3274 40.1526 37.161 34.3976 31.895 29.6733 27.7398 26.0903 24.7108 23.58 22.6714 21.9559 21.4036 20.9858 20.6761 20.4511 20.291 20.1793 20.103 20.0519 20.0184 19.9969 19.9834 19.975 19.97 19.967 19.9653 19.9643 19.9638 19.9635 19.9633 19.9633 19.9632 19.9632 19.9632 19.9632 19.9632 19.9632 19.9632 19.9632 19.9632 19.9632 19.9632 19.9632 19.9632 19.9632 19.9632 19.9632 19.9632 19.9632 19.9632 19.9632 19.9632 19.9632 19.9632 19.9632 19.9632 19.9632 19.9632 19.9632 19.9632 19.9632 19.9632 19.9632 19.9632 19.9632 19.9632 19.9632 19.9632 19.9632 19.9632 19.9632 19.9632 19.9632 19.9632 19.9632 19.9632 19.9632 19.9632 19.9632 19.9632 19.9632 19.9632 19.9632 19.9632 19.9632 19.9632 19.9632 19.9632 19.9632 19.9632 19.9632 19.9632 19.9632 19.9632 19.9632 19.9632 19.9632 19.9632 19.9632 19.9632 19.9632 19.9632 19.9632 19.9632 19.9632 19.9632 19.9632 19.9632 19.9632 19.9632 19.9632 19.9632 19.9632 19.9632 19.9632 19.9632 19.9632 19.9632 19.9632 19.9632 19.9632 19.9632 19.9632 19.9632 19.9632 19.9632 19.9632 19.9632 19.9632 19.9632 19.9632 19.9632 19.9632 19.9632 19.9632 19.9632 19.9632 19.9632 19.9632 19.9632 19.9632 19.9632 19.9632 19.9632 19.9632 19.9632 19.9632 19.9632 19.9632 19.9632 19.9632 19.9632 19.9632 19.9632 19.9632 19.9632 19.9632 19.9632 19.9632 19.9632 19.9632 19.9632 19.9632 19.9633 19.9633 19.9635 19.9638 19.9643 19.9653 19.967 19.97 19.975 19.9834 19.9969 20.0184 20.0519 20.103 20.1793 20.291 20.4511 20.6761 20.9858 21.4036 21.9559 22.6714 23.58 24.7108 26.0903 27.7398 29.6733 31.895 34.3976 37.161 40.1526 43.3274 46.6306 50
50 46.6274 43.321 40.1432 37.149 34.3832 31.8787 29.6553 27.7205 26.07 24.6898 23.5585 22.6495 21.9338 21.3813 20.9635 20.6537 20.4287 20.2686 20.1569 20.0806 20.0295 19.996 19.9745 19.961 19.9527 19.9477 19.9447 19.943 19.942 19.9415 19.9412 19.941 19.9409 19.9409 19.9409 19.9409 19.9409 19.9409 19.9409 19.9409 19.9409 19.9409 19.9409 19.9409 19.9409 19.9409 19.9409 19.9409 19.9409 19.9409 19.9409 19.9409 19.9409 19.9409 19.9409 19.9409 19.9409 19.9409 19.9409 19.9409 19.9409 19.9409 19.9409 19.9409 19.9409 19.9409 19.9409 19.9409 19.9409 19.9409 19.9409 19.9409 19.9409 19.9409 19.9409 19.9409 19.9409 19.9409 19.9409 19.9409 19.9409 19.9409 19.9409 19.9409 19.9409 19.9409 19.9409 19.9409 19.9409 19.9409 19.9409 19.9409 19.9409 19.9409 19.9409 19.9409 19.9409 19.9409 19.9409 19.9409 19.9409 19.9409 19.9409 19.9409 19.9409 19.9409 19.9409 19.9409 19.9409 19.9409 19.9409 19.9409 19.9409 19.9409 19.9409 19.9409 19.9409 19.9409 19.9409 19.9409 19.9409 19.9409 19.9409 19.9409 19.9409 19.9409 19.9409 19.9409 19.9409 19.9409 19.9409 19.9409 19.9409 19.9409 19.9409 19.9409 19.9409 19.9409 19.9409 19.9409 19.9409 19.9409 19.9409 19.9409 19.9409 19.9409 19.9409 19.9409 19.9409 19.9409 19.9409 19.9409 19.9409 19.9409 19.9409 19.9409 19.9409 19.9409 19.9409 19.9409 19.9409 19.9409 19.9409 19.9409 19.9409 19.9409 19.941 19.9412 19.9415 19.942 19.943 19.9447 19.9477 19.9527 19.961 19.9745 19.996 20.0295 20.0806 20.1569 20.2686 20.4287 20.6537 20.9635 21.3813 21.9338 22.6495 23.5585 24.6898 26.07 27.7205 29.6553 31.8787 34.3832 37.149 40.1432 43.321 46.6274 50
50 46.6223 43.311 40.1287 37.1303 34.3609 31.8534 29.6276 27.6908 26.0388 24.6575 23.5255 22.616 21.9 21.3473 20.9294 20.6196 20.3946 20.2345 20.1228 20.0465 19.9954 19.962 19.9405 19.9269 19.9186 19.9136 19.9106 19.9089 19.9079 19.9074 19.9071 19.907 19.9069 19.9068 19.9068 19.9068 19.9068 19.9068 19.9068 19.9068 19.9068 19.9068 19.9068 19.9068 19.9068 19.9068 19.9068 19.9068 19.9068 19.9068 19.9068 19.9068 19.9068 19.9068 19.9068 19.9068 19.9068 19.9068 19.9068 19.9068 19.9068 19.9068 19.9068 19.9068 19.9068 19.9068 19.9068 19.9068 19.9068 19.9068 19.9068 19.9068 19.9068 19.9068 19.9068 19.9068 19.9068 19.9068 19.9068 19.9068 19.9068 19.9068 19.9068 19.9068 19.9068 19.9068 19.9068 19.9068 19.9068 19.9068 19.9068 19.9068 19.9068 19.9068 19.9068 19.9068 19.9068 19.9068 19.9068 19.9068 19.9068 19.9068 19.9068 19.9068 19.9068 19.9068 19.9068 19.9068 19.9068 19.9068 19.9068 19.9068 19.9068 19.9068 19.9068 19.9068 19.9068 19.9068 19.9068 19.9068 19.9068 19.9068 19.9068 19.9068 19.9068 19.9068 19.9068 19.9068 19.9068 19.9068 19.9068 19.9068 19.9068 19.9068 19.9068 19.9068 19.9068 19.9068 19.9068 19.9068 19.9068 19.9068 19.9068 19.9068 19.9068 19.9068 19.9068 19.9068 19.9068 19.9068 19.9068 19.9068 19.9068 19.9068 19.9068 19.9068 19.9068 19.9068 19.9068 19.9068 19.9068 19.9068 19.9068 19.9068 19.9068 19.9069 19.907 19.9071 19.9074 19.9079 19.9089 19.9106 19.9136 19.9186 19.9269 19.9405 19.962 19.9954 20.0465 20.1228 20.2345 20.3946 20.6196 20.9294 21.3473 21.9 22.616 23.5255 24.6575 26.0388 27.6908 29.6276 31.8534 34.3609 37.1303 40.1287 43.311 46.6223 50
50 46.6146 43.2958 40.1065 37.1019 34.3271 31.815 29.5855 27.6459 25.9917 24.609 23.4758 22.5657 21.8493 21.2964 20.8784 20.5686 20.3436 20.1835 20.0718 19.9956 19.9445 19.9111 19.8896 19.8761 19.8677 19.8627 19.8597 19.858 19.8571 19.8565 19.8562 19.8561 19.856 19.856 19.8559 19.8559 19.8559 19.8559 19.8559 19.8559 19.8559 19.8559 19.8559 19.8559 19.8559 19.8559 19.8559 19.8559 19.8559 19.8559 19.8559 19.8559 19.8559 19.8559 19.8559 19.8559 19.8559 19.8559 19.8559 19.8559 19.8559 19.8559 19.8559 19.8559 19.8559 19.8559 19.8559 19.8559 19.8559 19.8559 19.8559 19.8559 19.8559 19.8559 19.8559 19.8559 19.8559 19.8559 19.8559 19.8559 19.8559 19.8559 19.8559 19.8559 19.8559 19.8559 19.8559 19.8559 19.8559 19.8559 19.8559 19.8559 19.8559 19.8559 19.8559 19.8559 19.8559 19.8559 19.8559 19.8559 19.8559 19.8559 19.8559 19.8559 19.8559 19.8559 19.8559 19.8559 19.8559 19.8559 19.8559 19.8559 19.8559 19.8559 19.8559 19.8559 19.8559 19.8559 19.8559 19.8559 19.8559 19.8559 19.8559 19.8559 19.8559 19.8559 19.8559 19.8559 19.8559 19.8559 19.8559 19.8559 19.8559 19.8559 19.8559 19.8559 19.8559 19.8559 19.8559 19.8559 19.8559 19.8559 19.8559 19.8559 19.8559 19.8559 19.8559 19.8559 19.8559 19.8559 19.8559 19.8559 19.8559 19.8559 19.8559 19.8559 19.8559 19.8559 19.8559 19.8559 19.8559 19.8559 19.8559 19.8559 19.856 19.856 19.8561 19.8562 19.8565 19.8571 19.858 19.8597 19.8627 19.8677 19.8761 19.8896 19.9111 19.9445 19.9956 20.0718 20.1835 20.3436 20.5686 20.8784 21.2964 21.8493 22.5657 23.4758 24.609 25.9917 27.6459 29.5855 31.815 34.3271 37.1019 40.1065 43.2958 46.6146 50
50 46.603 43.273 40.0733 37.0594 34.2766 31.7578 29.523 27.5793 25.9222 24.5372 23.4027 22.4917 21.7748 21.2217 20.8036 20.4937 20.2688 20.1087 19.9972 19.921 19.87 19.8365 19.8151 19.8016 19.7933 19.7882 19.7853 19.7836 19.7826 19.7821 19.7818 19.7816 19.7816 19.7815 19.7815 19.7815 19.7815 19.7815 19.7815 19.7815 19.7815 19.7815 19.7815 19.7815 19.7815 19.7815 19.7815 19.7815 19.7815 19.7815 19.7815 19.7815 19.7815 19.7815 19.7815 19.7815 19.7815 19.7815 19.7815 19.7815 19.7815 19.7815 19.7815 19.7815 19.7815 19.7815 19.7815 19.7815 19.7815 19.7815 19.7815 19.7815 19.7815 19.7815 19.7815 19.7815 19.7815 19.7815 19.7815 19.7815 19.7815 19.7815 19.7815 19.7815 19.7815 19.7815 19.7815 19.7815 19.7815 19.7815 19.7815 19.7815 19.7815 19.7815 19.7815 19.7815 19.7815 19.7815 19.7815 19.7815 19.7815 19.7815 19.7815 19.7815 19.7815 19.7815 19.7815 19.7815 19.7815 19.7815 19.7815 19.7815 19.7815 19.7815 19.7815 19.7815 19.7815 19.7815 19.7815 19.7815 19.7815 19.7815 19.7815 19.7815 19.7815 19.7815 19.7815 19.7815 19.7815 19.7815 19.7815 19.7815 19.7815 19.7815 19.7815 19.7815 19.7815 19.7815 19.7815 19.7815 19.7815 19.7815 19.7815 19.7815 19.7815 19.7815 19.7815 19.7815 19.7815 19.7815 19.7815 19.7815 19.7815 19.7815 19.7815 19.7815 19.7815 19.7815 19.7815 19.7815 19.7815 19.7815 19.7815 19.7815 19.7815 19.7816 19.7816 19.7818 19.7821 19.7826 19.7836 19.7853 19.7882 19.7933 19.8016 19.8151 19.8365 19.87 19.921 19.9972 20.1087 20.2688 20.4937 20.8036 21.2217 21.7748 22.4917 23.4027 24.5372 25.9222 27.5793 29.523 31.7578 34.2766 37.0594 40.0733 43.273 46.603 50
50 46.5858 43.2394 40.0244 36.9969 34.2025 31.6741 29.4318 27.4824 25.8211 24.4334 23.2971 22.385 21.6675 21.1142 20.696 20.3863 20.1615 20.0015 19.8901 19.814 19.7631 19.7297 19.7083 19.6948 19.6865 19.6815 19.6785 19.6768 19.6759 19.6753 19.675 19.6749 19.6748 19.6748 19.6747 19.6747 19.6747 19.6747 19.6747 19.6747 19.6747 19.6747 19.6747 19.6747 19.6747 19.6747 19.6747 19.6747 19.6747 19.6747 19.6747 19.6747 19.6747 19.6747 19.6747 19.6747 19.6747 19.6747 19.6747 19.6747 19.6747 19.6747 19.6747 19.6747 19.6747 19.6747 19.6747 19.6747 19.6747 19.6747 19.6747 19.6747 19.6747 19.6747 19.6747 19.6747 19.6747 19.6747 19.6747 19.6747 19.6747 19.6747 19.6747 19.6747 19.6747 19.6747 19.6747 19.6747 19.6747 19.6747 19.6747 19.6747 19.6747 19.6747 19.6747 19.6747 19.6747 19.6747 19.6747 19.6747 19.6747 19.6747 19.6747 19.6747 19.6747 19.6747 19.6747 19.6747 19.6747 19.6747 19.6747 19.6747 19.6747 19.6747 19.6747 19.6747 19.6747 19.6747 19.6747 19.6747 19.6747 19.6747 19.6747 19.6747 19.6747 19.6747 19.6747 19.6747 19.6747 19.6747 19.6747 19.6747 19.6747 19.6747 19.6747 19.6747 19.6747 19.6747 19.6747 19.6747 19.6747 19.6747 19.6747 19.6747 19.6747 19.6747 19.6747 19.6747 19.6747 19.6747 19.6747 19.6747 19.6747 19.6747 19.6747 19.6747 19.6747 19.6747 19.6747 19.6747 19.6747 19.6747 19.6747 19.6747 19.6748 19.6748 19.6749 19.675 19.6753 19.6759 19.6768 19.6785 19.6815 19.6865 19.6948 19.7083 19.7297 19.7631 19.814 19.8901 20.0015 20.1615 20.3863 20.696 21.1142 21.6675 22.385 23.2971 24.4334 25.8211 27.4824 29.4318 31.6741 34.2025 36.9969 40.0244 43.2394 46.5858 50
50 46.5609 43.1905 39.9535 36.9066 34.0956 31.5539 29.3011 27.3439 25.6772 24.2859 23.1473 22.234 21.516 20.9626 20.5445 20.235 20.0105 19.8508 19.7396 19.6636 19.6128 19.5796 19.5582 19.5448 19.5365 19.5315 19.5286 19.5269 19.5259 19.5254 19.5251 19.5249 19.5249 19.5248 19.5248 19.5248 19.5248 19.5248 19.5248 19.5248 19.5248 19.5248 19.5248 19.5248 19.5248 19.5248 19.5248 19.5248 19.5248 19.5248 19.5248 19.5248 19.5248 19.5248 19.5248 19.5248 19.5248 19.5248 19.5248 19.5248 19.5248 19.5248 19.5248 19.5248 19.5248 19.5248 19.5248 19.5248 19.5248 19.5248 19.5248 19.5248 19.5248 19.5248 19.5248 19.5248 19.5248 19.5248 19.5248 19.5248 19.5248 19.5248 19.5248 19.5248 19.5248 19.5248 19.5248 19.5248 19.5248 19.5248 19.5248 19.5248 19.5248 19.5248 19.5248 19.5248 19.5248 19.5248 19.5248 19.5248 19.5248 19.5248 19.5248 19.5248 19.5248 19.5248 19.5248 19.5248 19.5248 19.5248 19.5248 19.5248 19.5248 19.5248 19.5248 19.5248 19.5248 19.5248 19.5248 19.5248 19.5248 19.5248 19.5248 19.5248 19.5248 19.5248 19.5248 19.5248 19.5248 19.5248 19.5248 19.5248 19.5248 19.5248 19.5248 19.5248 19.5248 19.5248 19.5248 19.5248 19.5248 19.5248 19.5248 19.5248 19.5248 19.5248 19.5248 19.5248 19.5248 19.5248 19.5248 19.5248 19.5248 19.5248 19.5248 19.5248 19.5248 19.5248 19.5248 19.5248 19.5248 19.5248 19.5248 19.5248 19.5248 19.5249 19.5249 19.5251 19.5254 19.5259 19.5269 19.5286 19.5315 19.5365 19.5448 19.5582 19.5796 19.6128 19.6636 19.7396 19.8508 20.0105 20.235 20.5445 20.9626 21.516 22.234 23.1473 24.2859 25.6772 27.3439 29.3011 31.5539 34.0956 36.9066 39.9535 43.1905 46.5609 50
50 46.5252 43.1207 39.8524 36.778 33.944 31.3839 29.117 27.1497 25.476 24.0802 22.9391 22.0247 21.3062 20.753 20.3354 20.0264 19.8024 19.6432 19.5323 19.4566 19.406 19.3729 19.3516 19.3383 19.33 19.3251 19.3221 19.3205 19.3195 19.319 19.3187 19.3185 19.3185 19.3184 19.3184 19.3184 19.3184 19.3184 19.3184 19.3184 19.3184 19.3184 19.3184 19.3184 19.3184 19.3184 19.3184 19.3184 19.3184 19.3184 19.3184 19.3184 19.3184 19.3184 19.3184 19.3184 19.3184 19.3184 19.3184 19.3184 19.3184 19.3184 19.3184 19.3184 19.3184 19.3184 19.3184 19.3184 19.3184 19.3184 19.3184 19.3184 19.3184 19.3184 19.3184 19.3184 19.3184 19.3184 19.3184 19.3184 19.3184 19.3184 19.3184 19.3184 19.3184 19.3184 19.3184 19.3184 19.3184 19.3184 19.3184 19.3184 19.3184 19.3184 19.3184 19.3184 19.3184 19.3184 19.3184 19.3184 19.3184 19.3184 19.3184 19.3184 19.3184 19.3184 19.3184 19.3184 19.3184 19.3184 19.3184 19.3184 19.3184 19.3184 19.3184 19.3184 19.3184 19.3184 19.3184 19.3184 19.3184 19.3184 19.3184 19.3184 19.3184 19.3184 19.3184 19.3184 19.3184 19.3184 19.3184 19.3184 19.3184 19.3184 19.3184 19.3184 19.3184 19.3184 19.3184 19.3184 19.3184 19.3184 19.3184 19.3184 19.3184 19.3184 19.3184 19.3184 19.3184 19.3184 19.3184 19.3184 19.3184 19.3184 19.3184 19.3184 19.3184 19.3184 19.3184 19.3184 19.3184 19.3184 19.3184 19.3184 19.3184 19.3185 19.3185 19.3187 19.319 19.3195 19.3205 19.3221 19.3251 19.33 19.3383 19.3516 19.3729 19.406 19.4566 19.5323 19.6432 19.8024 20.0264 20.3354 20.753 21.3062 22.0247 22.9391 24.0802 25.476 27.1497 29.117 31.3839 33.944 36.778 39.8524 43.1207 46.5252 50
50 46.4747 43.0221 39.71 36.5977 33.7324 31.1475 28.8623 26.8819 25.1997 23.7989 22.6553 21.7399 21.0217 20.4691 20.0525 19.7444 19.5213 19.3628 19.2525 19.1773 19.127 19.0941 19.073 19.0597 19.0515 19.0466 19.0437 19.042 19.0411 19.0406 19.0403 19.0401 19.04 19.04 19.04 19.04 19.04 19.04 19.04 19.04 19.04 19.04 19.04 19.04 19.04 19.04 19.04 19.04 19.04 19.04 19.04 19.04 19.04 19.04 19.04 19.04 19.04 19.04 19.04 19.04 19.04 19.04 19.04 19.04 19.04 19.04 19.04 19.04 19.04 19.04 19.04 19.04 19.04 19.04 19.04 19.04 19.04 19.04 19.04 19.04 19.04 19.04 19.04 19.04 19.04 19.04 19.04 19.04 19.04 19.04 19.04 19.04 19.04 19.04 19.04 19.04 19.04 19.04 19.04 19.04 19.04 19.04 19.04 19.04 19.04 19.04 19.04 19.04 19.04 19.04 19.04 19.04 19.04 19.04 19.04 19.04 19.04 19.04 19.04 19.04 19.04 19.04 19.04 19.04 19.04 19.04 19.04 19.04 19.04 19.04 19.04 19.04 19.04 19.04 19.04 19.04 19.04 19.04 19.04 19.04 19.04 19.04 19.04 19.04 19.04 19.04 19.04 19.04 19.04 19.04 19.04 19.04 19.04 19.04 19.04 19.04 19.04 19.04 19.04 19.04 19.04 19.04 19.04 19.04 19.04 19.04 19.0401 19.0403 19.0406 19.0411 19.042 19.0437 19.0466 19.0515 19.0597 19.073 19.0941 19.127 19.1773 19.2525 19.3628 19.5213 19.7444 20.0525 20.4691 21.0217 21.7399 22.6553 23.7989 25.1997 26.8819 28.8623 31.1475 33.7324 36.5977 39.71 43.0221 46.4747 50
50 46.4043 42.8847 39.5123 36.3484 33.4411 30.824 28.5153 26.5192 24.8272 23.4211 22.2754 21.36 20.6429 20.092 19.6771 19.3708 19.1491 18.9918 18.8824 18.8078 18.7581 18.7255 18.7046 18.6915 18.6834 18.6785 18.6757 18.674 18.6731 18.6725 18.6723 18.6721 18.672 18.672 18.672 18.672 18.672 18.672 18.672 18.672 18.672 18.672 18.672 18.672 18.672 18.672 18.672 18.672 18.672 18.672 18.672 18.672 18.672 18.672 18.672 18.672 18.672 18.672 18.672 18.672 18.672 18.672 18.672 18.672 18.672 18.672 18.672 18.672 18.672 18.672 18.672 18.672 18.672 18.672 18.672 18.672 18.672 18.672 18.672 18.672 18.672 18.672 18.672 18.672 18.672 18.672 18.672 18.672 18.672 18.672 18.672 18.672 18.672 18.672 18.672 18.672 18.672 18.672 18.672 18.672 18.672 18.672 18.672 18.672 18.672 18.672 18.672 18.672 18.672 18.672 18.672 18.672 18.672 18.672 18.672 18.672 18.672 18.672 18.672 18.672 18.672 18.672 18.672 18.672 18.672 18.672 18.672 18.672 18.672 18.672 18.672 18.672 18.672 18.672 18.672 18.672 18.672 18.672 18.672 18.672 18.672 18.672 18.672 18.672 18.672 18.672 18.672 18.672 18.672 18.672 18.672 18.672 18.672 18.672 18.672 18.672 18.672 18.672 18.672 18.672 18.672 18.672 18.672 18.672 18.672 18.672 18.6721 18.6723 18.6725 18.6731 18.674 18.6757 18.6785 18.6834 18.6915 18.7046 18.7255 18.7581 18.8078 18.8824 18.9918 19.1491 19.3708 19.6771 20.092 20.6429 21.36 22.2754 23.4211 24.8272 26.5192 28.5153 30.824 33.4411 36.3484 39.5123 42.8847 46.4043 50
50 46.3068 42.6953 39.2409 36.0079 33.0458 30.3876 28.0504 26.0359 24.3337 22.9231 21.7767 20.8629 20.1486 19.601 19.1892 18.8856 18.6662 18.5107 18.4026 18.3291 18.28 18.2479 18.2273 18.2144 18.2065 18.2017 18.1989 18.1972 18.1963 18.1958 18.1955 18.1954 18.1953 18.1953 18.1953 18.1952 18.1952 18.1952 18.1952 18.1952 18.1952 18.1952 18.1952 18.1952 18.1952 18.1952 18.1952 18.1952 18.1952 18.1952 18.1952 18.1952 18.1952 18.1952 18.1952 18.1952 18.1952 18.1952 18.1952 18.1952 18.1952 18.1952 18.1952 18.1952 18.1952 18.1952 18.1952 18.1952 18.1952 18.1952 18.1952 18.1952 18.1952 18.1952 18.1952 18.1952 18.1952 18.1952 18.1952 18.1952 18.1952 18.1952 18.1952 18.1952 18.1952 18.1952 18.1952 18.1952 18.1952 18.1952 18.1952 18.1952 18.1952 18.1952 18.1952 18.1952 18.1952 18.1952 18.1952 18.1952 18.1952 18.1952 18.1952 18.1952 18.1952 18.1952 18.1952 18.1952 18.1952 18.1952 18.1952 18.1952 18.1952 18.1952 18.1952 18.1952 18.1952 18.1952 18.1952 18.1952 18.1952 18.1952 18.1952 18.1952 18.1952 18.1952 18.1952 18.1952 18.1952 18.1952 18.1952 18.1952 18.1952 18.1952 18.1952 18.1952 18.1952 18.1952 18.1952 18.1952 18.1952 18.1952 18.1952 18.1952 18.1952 18.1952 18.1952 18.1952 18.1952 18.1952 18.1952 18.1952 18.1952 18.1952 18.1952 18.1952 18.1952 18.1952 18.1952 18.1952 18.1952 18.1952 18.1952 18.1953 18.1953 18.1953 18.1954 18.1955 18.1958 18.1963 18.1972 18.1989 18.2017 18.2065 18.2144 18.2273 18.2479 18.28 18.3291 18.4026 18.5107 18.6662 18.8856 19.1892 19.601 20.1486 20.8629 21.7767 22.9231 24.3337 26.0359 28.0504 30.3876 33.0458 36.0079 39.2409 42.6953 46.3068 50
50 46.1732 42.4365 38.872 35.5482 32.5159 29.8074 27.4368 25.4028 23.6912 22.2784 21.1341 20.225 19.5161 18.974 18.5673 18.268 18.052 17.8991 17.7931 17.7209 17.6728 17.6414 17.6213 17.6087 17.6009 17.5962 17.5935 17.5919 17.591 17.5905 17.5902 17.5901 17.59 17.59 17.59 17.59 17.5899 17.5899 17.5899 17.5899 17.5899 17.5899 17.5899 17.5899 17.5899 17.5899 17.5899 17.5899 17.5899 17.5899 17.5899 17.5899 17.5899 17.5899 17.5899 17.5899 17.5899 17.5899 17.5899 17.5899 17.5899 17.5899 17.5899 17.5899 17.5899 17.5899 17.5899 17.5899 17.5899 17.5899 17.5899 17.5899 17.5899 17.5899 17.5899 17.5899 17.5899 17.5899 17.5899 17.5899 17.5899 17.5899 17.5899 17.5899 17.5899 17.5899 17.5899 17.5899 17.5899 17.5899 17.5899 17.5899 17.5899 17.5899 17.5899 17.5899 17.5899 17.5899 17.5899 17.5899 17.5899 17.5899 17.5899 17.5899 17.5899 17.5899 17.5899 17.5899 17.5899 17.5899 17.5899 17.5899 17.5899 17.5899 17.5899 17.5899 17.5899 17.5899 17.5899 17.5899 17.5899 17.5899 17.5899 17.5899 17.5899 17.5899 17.5899 17.5899 17.5899 17.5899 17.5899 17.5899 17.5899 17.5899 17.5899 17.5899 17.5899 17.5899 17.5899 17.5899 17.5899 17.5899 17.5899 17.5899 17.5899 17.5899 17.5899 17.5899 17.5899 17.5899 17.5899 17.5899 17.5899 17.5899 17.5899 17.5899 17.5899 17.5899 17.5899 17.5899 17.5899 17.5899 17.59 17.59 17.59 17.59 17.5901 17.5902 17.5905 17.591 17.5919 17.5935 17.5962 17.6009 17.6087 17.6213 17.6414 17.6728 17.7209 17.7931 17.8991 18.052 18.268 18.5673 18.974 19.5161 20.225 21.1341 22.2784 23.6912 25.4028 27.4368 29.8074 32.5159 35.5482 38.872 42.4365 46.1732 50
50 45.9909 42.0849 38.3744 34.9334 31.8141 29.0461 26.6392 24.5866 22.8692 21.4587 20.3216 19.4215 18.7224 18.1892 17.7902 17.4973 17.2863 17.1372 17.034 16.9638 16.9171 16.8866 16.8671 16.8548 16.8473 16.8428 16.8401 16.8386 16.8377 16.8372 16.837 16.8368 16.8368 16.8367 16.8367 16.8367 16.8367 16.8367 16.8367 16.8367 16.8367 16.8367 16.8367 16.8367 16.8367 16.8367 16.8367 16.8367 16.8367 16.8367 16.8367 16.8367 16.8367 16.8367 16.8367 16.8367 16.8367 16.8367 16.8367 16.8367 16.8367 16.8367 16.8367 16.8367 16.8367 16.8367 16.8367 16.8367 16.8367 16.8367 16.8367 16.8367 16.8367 16.8367 16.8367 16.8367 16.8367 16.8367 16.8367 16.8367 16.8367 16.8367 16.8367 16.8367 16.8367 16.8367 16.8367 16.8367 16.8367 16.8367 16.8367 16.8367 16.8367 16.8367 16.8367 16.8367 16.8367 16.8367 16.8367 16.8367 16.8367 16.8367 16.8367 16.8367 16.8367 16.8367 16.8367 16.8367 16.8367 16.8367 16.8367 16.8367 16.8367 16.8367 16.8367 16.8367 16.8367 16.8367 16.8367 16.8367 16.8367 16.8367 16.8367 16.8367 16.8367 16.8367 16.8367 16.8367 16.8367 16.8367 16.8367 16.8367 16.8367 16.8367 16.8367 16.8367 16.8367 16.8367 16.8367 16.8367 16.8367 16.8367 16.8367 16.8367 16.8367 16.8367 16.8367 16.8367 16.8367 16.8367 16.8367 16.8367 16.8367 16.8367 16.8367 16.8367 16.8367 16.8367 16.8367 16.8367 16.8367 16.8367 16.8367 16.8367 16.8367 16.8368 16.8368 16.837 16.8372 16.8377 16.8386 16.8401 16.8428 16.8473 16.8548 16.8671 16.8866 16.9171 16.9638 17.034 17.1372 17.2863 17.4973 17.7902 18.1892 18.7224 19.4215 20.3216 21.4587 22.8692 24.5866 26.6392 29.0461 31.8141 34.9334 38.3744 42.0849 45.9909 50
50 45.7423 41.6086 37.7064 34.1175 30.8936 28.0595 25.6168 23.5511 21.8353 20.4354 19.3131 18.4292 17.7454 17.2259 16.8383 16.5545 16.3506 16.2068 16.1073 16.0398 15.9949 15.9657 15.947 15.9352 15.928 15.9237 15.9212 15.9197 15.9189 15.9184 15.9182 15.918 15.918 15.9179 15.9179 15.9179 15.9179 15.9179 15.9179 15.9179 15.9179 15.9179 15.9179 15.9179 15.9179 15.9179 15.9179 15.9179 15.9179 15.9179 15.9179 15.9179 15.9179 15.9179 15.9179 15.9179 15.9179 15.9179 15.9179 15.9179 15.9179 15.9179 15.9179 15.9179 15.9179 15.9179 15.9179 15.9179 15.9179 15.9179 15.9179 15.9179 15.9179 15.9179 15.9179 15.9179 15.9179 15.9179 15.9179 15.9179 15.9179 15.9179 15.9179 15.9179 15.9179 15.9179 15.9179 15.9179 15.9179 15.9179 15.9179 15.9179 15.9179 15.9179 15.9179 15.9179 15.9179 15.9179 15.9179 15.9179 15.9179 15.9179 15.9179 15.9179 15.9179 15.9179 15.9179 15.9179 15.9179 15.9179 15.9179 15.9179 15.9179 15.9179 15.9179 15.9179 15.9179 15.9179 15.9179 15.9179 15.9179 15.9179 15.9179 15.9179 15.9179 15.9179 15.9179 15.9179 15.9179 15.9179 15.9179 15.9179 15.9179 15.9179 15.9179 15.9179 15.9179 15.9179 15.9179 15.9179 15.9179 15.9179 15.9179 15.9179 15.9179 15.9179 15.9179 15.9179 15.9179 15.9179 15.9179 15.9179 15.9179 15.9179 15.9179 15.9179 15.9179 15.9179 15.9179 15.9179 15.9179 15.9179 15.9179 15.9179 15.9179 15.918 15.918 15.9182 15.9184 15.9189 15.9197 15.9212 15.9237 15.928 15.9352 15.947 15.9657 15.9949 16.0398 16.1073 16.2068 16.3506 16.5545 16.8383 17.2259 17.7454 18.4292 19.3131 20.4354 21.8353 23.5511 25.6168 28.0595 30.8936 34.1175 37.7064 41.6086 45.7423 50
50 45.4021 40.9622 36.8117 33.0404 29.697 26.7954 24.3248 22.2576 20.557 19.1806 18.0848 17.2269 16.5665 16.0667 15.6953 15.4241 15.2297 15.093 14.9985 14.9346 14.8921 14.8644 14.8467 14.8357 14.8289 14.8248 14.8224 14.821 14.8202 14.8198 14.8196 14.8195 14.8194 14.8194 14.8193 14.8193 14.8193 14.8193 14.8193 14.8193 14.8193 14.8193 14.8193 14.8193 14.8193 14.8193 14.8193 14.8193 14.8193 14.8193 14.8193 14.8193 14.8193 14.8193 14.8193 14.8193 14.8193 14.8193 14.8193 14.8193 14.8193 14.8193 14.8193 14.8193 14.8193 14.8193 14.8193 14.8193 14.8193 14.8193 14.8193 14.8193 14.8193 14.8193 14.8193 14.8193 14.8193 14.8193 14.8193 14.8193 14.8193 14.8193 14.8193 14.8193 14.8193 14.8193 14.8193 14.8193 14.8193 14.8193 14.8193 14.8193 14.8193 14.8193 14.8193 14.8193 14.8193 14.8193 14.8193 14.8193 14.8193 14.8193 14.8193 14.8193 14.8193 14.8193 14.8193 14.8193 14.8193 14.8193 14.8193 14.8193 14.8193 14.8193 14.8193 14.8193 14.8193 14.8193 14.8193 14.8193 14.8193 14.8193 14.8193 14.8193 14.8193 14.8193 14.8193 14.8193 14.8193 14.8193 14.8193 14.8193 14.8193 14.8193 14.8193 14.8193 14.8193 14.8193 14.8193 14.8193 14.8193 14.8193 14.8193 14.8193 14.8193 14.8193 14.8193 14.8193 14.8193 14.8193 14.8193 14.8193 14.8193 14.8193 14.8193 14.8193 14.8193 14.8193 14.8193 14.8193 14.8193 14.8193 14.8193 14.8193 14.8194 14.8194 14.8195 14.8196 14.8198 14.8202 14.821 14.8224 14.8248 14.8289 14.8357 14.8467 14.8644 14.8921 14.9346 14.9985 15.093 15.2297 15.4241 15.6953 16.0667 16.5665 17.2269 18.0848 19.1806 20.557 22.2576 24.3248 26.7954 29.697 33.0404 36.8117 40.9622 45.4021 50
50 44.9312 40.0793 35.6107 31.6229 28.1527 25.1939 22.714 20.6677 19.0036 17.6701 16.6171 15.7982 15.1714 14.6994 14.3498 14.0955 13.9137 13.786 13.6981 13.6386 13.5991 13.5735 13.5571 13.5469 13.5406 13.5368 13.5346 13.5333 13.5326 13.5322 13.532 13.5319 13.5318 13.5318 13.5318 13.5318 13.5318 13.5318 13.5318 13.5318 13.5318 13.5318 13.5318 13.5318 13.5318 13.5318 13.5318 13.5318 13.5318 13.5318 13.5318 13.5318 13.5318 13.5318 13.5318 13.5318 13.5318 13.5318 13.5318 13.5318 13.5318 13.5318 13.5318 13.5318 13.5318 13.5318 13.5318 13.5318 13.5318 13.5318 13.5318 13.5318 13.5318 13.5318 13.5318 13.5318 13.5318 13.5318 13.5318 13.5318 13.5318 13.5318 13.5318 13.5318 13.5318 13.5318 13.5318 13.5318 13.5318 13.5318 13.5318 13.5318 13.5318 13.5318 13.5318 13.5318 13.5318 13.5318 13.5318 13.5318 13.5318 13.5318 13.5318 13.5318 13.5318 13.5318 13.5318 13.5318 13.5318 13.5318 13.5318 13.5318 13.5318 13.5318 13.5318 13.5318 13.5318 13.5318 13.5318 13.5318 13.5318 13.5318 13.5318 13.5318 13.5318 13.5318 13.5318 13.5318 13.5318 13.5318 13.5318 13.5318 13.5318 13.5318 13.5318 13.5318 13.5318 13.5318 13.5318 13.5318 13.5318 13.5318 13.5318 13.5318 13.5318 13.5318 13.5318 13.5318 13.5318 13.5318 13.5318 13.5318 13.5318 13.5318 13.5318 13.5318 13.5318 13.5318 13.5318 13.5318 13.5318 13.5318 13.5318 13.5318 13.5318 13.5318 13.5319 13.532 13.5322 13.5326 13.5333 13.5346 13.5368 13.5406 13.5469 13.5571 13.5735 13.5991 13.6386 13.6981 13.786 13.9137 14.0955 14.3498 14.6994 15.1714 15.7982 16.6171 17.6701 19.0036 20.6677 22.714 25.1939 28.1527 31.6229 35.6107 40.0793 44.9312 50
50 44.2666 38.8569 33.9894 29.7595 26.1735 23.187 20.7346 18.745 17.1497 15.8857 14.897 14.1338 13.5532 13.1182 12.7974 12.5648 12.3989 12.2828 12.2029 12.149 12.1133 12.0901 12.0753 12.0661 12.0604 12.057 12.055 12.0538 12.0532 12.0528 12.0526 12.0525 12.0525 12.0525 12.0524 12.0524 12.0524 12.0524 12.0524 12.0524 12.0524 12.0524 12.0524 12.0524 12.0524 12.0524 12.0524 12.0524 12.0524 12.0524 12.0524 12.0524 12.0524 12.0524 12.0524 12.0524 12.0524 12.0524 12.0524 12.0524 12.0524 12.0524 12.0524 12.0524 12.0524 12.0524 12.0524 12.0524 12.0524 12.0524 12.0524 12.0524 12.0524 12.0524 12.0524 12.0524 12.0524 12.0524 12.0524 12.0524 12.0524 12.0524 12.0524 12.0524 12.0524 12.0524 12.0524 12.0524 12.0524 12.0524 12.0524 12.0524 12.0524 12.0524 12.0524 12.0524 12.0524 12.0524 12.0524 12.0524 12.0524 12.0524 12.0524 12.0524 12.0524 12.0524 12.0524 12.0524 12.0524 12.0524 12.0524 12.0524 12.0524 12.0524 12.0524 12.0524 12.0524 12.0524 12.0524 12.0524 12.0524 12.0524 12.0524 12.0524 12.0524 12.0524 12.0524 12.0524 12.0524 12.0524 12.0524 12.0524 12.0524 12.0524 12.0524 12.0524 12.0524 12.0524 12.0524 12.0524 12.0524 12.0524 12.0524 12.0524 12.0524 12.0524 12.0524 12.0524 12.0524 12.0524 12.0524 12.0524 12.0524 12.0524 12.0524 12.0524 12.0524 12.0524 12.0524 12.0524 12.0524 12.0524 12.0524 12.0524 12.0525 12.0525 12.0525 12.0526 12.0528 12.0532 12.0538 12.055 12.057 12.0604 12.0661 12.0753 12.0901 12.1133 12.149 12.2029 12.2828 12.3989 12.5648 12.7974 13.1182 13.5532 14.1338 14.897 15.8857 17.1497 18.745 20.7346 23.187 26.1735 29.7595 33.9894 38.8569 44.2666 50
50 43.2967 37.128 31.7792 27.3095 23.6539 20.7023 18.3389 16.4603 14.9781 13.8187 12.9207 12.2333 11.7136 11.3263 11.0418 10.8362 10.69 10.5879 10.5178 10.4706 10.4394 10.4191 10.4062 10.3981 10.3932 10.3902 10.3885 10.3875 10.3869 10.3866 10.3864 10.3863 10.3863 10.3863 10.3863 10.3862 10.3862 10.3862 10.3862 10.3862 10.3862 10.3862 10.3862 10.3862 10.3862 10.3862 10.3862 10.3862 10.3862 10.3862 10.3862 10.3862 10.3862 10.3862 10.3862 10.3862 10.3862 10.3862 10.3862 10.3862 10.3862 10.3862 10.3862 10.3862 10.3862 10.3862 10.3862 10.3862 10.3862 10.3862 10.3862 10.3862 10.3862 10.3862 10.3862 10.3862 10.3862 10.3862 10.3862 10.3862 10.3862 10.3862 10.3862 10.3862 10.3862 10.3862 10.3862 10.3862 10.3862 10.3862 10.3862 10.3862 10.3862 10.3862 10.3862 10.3862 10.3862 10.3862 10.3862 10.3862 10.3862 10.3862 10.3862 10.3862 10.3862 10.3862 10.3862 10.3862 10.3862 10.3862 10.3862 10.3862 10.3862 10.3862 10.3862 10.3862 10.3862 10.3862 10.3862 10.3862 10.3862 10.3862 10.3862 10.3862 10.3862 10.3862 10.3862 10.3862 10.3862 10.3862 10.3862 10.3862 10.3862 10.3862 10.3862 10.3862 10.3862 10.3862 10.3862 10.3862 10.3862 10.3862 10.3862 10.3862 10.3862 10.3862 10.3862 10.3862 10.3862 10.3862 10.3862 10.3862 10.3862 10.3862 10.3862 10.3862 10.3862 10.3862 10.3862 10.3862 10.3862 10.3862 10.3862 10.3863 10.3863 10.3863 10.3863 10.3864 10.3866 10.3869 10.3875 10.3885 10.3902 10.3932 10.3981 10.4062 10.4191 10.4394 10.4706 10.5178 10.5879 10.69 10.8362 11.0418 11.3263 11.7136 12.2333 12.9207 13.8187 14.9781 16.4603 18.3389 20.7023 23.6539 27.3095 31.7792 37.128 43.2967 50
50 41.807 34.607 28.7277 24.0888 20.4756 17.6698 15.4905 13.7978 12.4858 11.4731 10.6971 10.1075 9.66478 9.33633 9.09613 8.92305 8.80036 8.71481 8.6562 8.61675 8.5907 8.5738 8.56305 8.55634 8.55224 8.54978 8.54834 8.54751 8.54704 8.54678 8.54664 8.54656 8.54653 8.54651 8.5465 8.54649 8.54649 8.54649 8.54649 8.54649 8.54649 8.54649 8.54649 8.54649 8.54649 8.54649 8.54649 8.54649 8.54649 8.54649 8.54649 8.54649 8.54649 8.54649 8.54649 8.54649 8.54649 8.54649 8.54649 8.54649 8.54649 8.54649 8.54649 8.54649 8.54649 8.54649 8.54649 8.54649 8.54649 8.54649 8.54649 8.54649 8.54649 8.54649 8.54649 8.54649 8.54649 8.54649 8.54649 8.54649 8.54649 8.54649 8.54649 8.54649 8.54649 8.54649 8.54649 8.54649 8.54649 8.54649 8.54649 8.54649 8.54649 8.54649 8.54649 8.54649 8.54649 8.54649 8.54649 8.54649 8.54649 8.54649 8.54649 8.54649 8.54649 8.54649 8.54649 8.54649 8.54649 8.54649 8.54649 8.54649 8.54649 8.54649 8.54649 8.54649 8.54649 8.54649 8.54649 8.54649 8.54649 8.54649 8.54649 8.54649 8.54649 8.54649 8.54649 8.54649 8.54649 8.54649 8.54649 8.54649 8.54649 8.54649 8.54649 8.54649 8.54649 8.54649 8.54649 8.54649 8.54649 8.54649 8.54649 8.54649 8.54649 8.54649 8.54649 8.54649 8.54649 8.54649 8.54649 8.54649 8.54649 8.54649 8.54649 8.54649 8.54649 8.54649 8.54649 8.54649 8.54649 8.54649 8.54649 8.5465 8.54651 8.54653 8.54656 8.54664 8.54678 8.54704 8.54751 8.54834 8.54978 8.55224 8.55634 8.56305 8.5738 8.5907 8.61675 8.6562 8.71481 8.80036 8.92305 9.09613 9.33633 9.66478 10.1075 10.6971 11.4731 12.4858 13.7978 15.4905 17.6698 20.4756 24.0888 28.7277 34.607 41.807 50
50 39.3352 30.7864 24.4641 19.8747 16.5221 14.0391 12.1755 10.7635 9.68846 8.86972 8.24828 7.77983 7.42991 7.17155 6.98321 6.84793 6.75222 6.68563 6.64006 6.60944 6.58922 6.57613 6.56781 6.56262 6.55945 6.55755 6.55643 6.55579 6.55542 6.55522 6.55512 6.55506 6.55503 6.55501 6.55501 6.555 6.555 6.555 6.555 6.555 6.555 6.555 6.555 6.555 6.555 6.555 6.555 6.555 6.555 6.555 6.555 6.555 6.555 6.555 6.555 6.555 6.555 6.555 6.555 6.555 6.555 6.555 6.555 6.555 6.555 6.555 6.555 6.555 6.555 6.555 6.555 6.555 6.555 6.555 6.555 6.555 6.555 6.555 6.555 6.555 6.555 6.555 6.555 6.555 6.555 6.555 6.555 6.555 6.555 6.555 6.555 6.555 6.555 6.555 6.555 6.555 6.555 6.555 6.555 6.555 6.555 6.555 6.555 6.555 6.555 6.555 6.555 6.555 6.555 6.555 6.555 6.555 6.555 6.555 6.555 6.555 6.555 6.555 6.555 6.555 6.555 6.555 6.555 6.555 6.555 6.555 6.555 6.555 6.555 6.555 6.555 6.555 6.555 6.555 6.555 6.555 6.555 6.555 6.555 6.555 6.555 6.555 6.555 6.555 6.555 6.555 6.555 6.555 6.555 6.555 6.555 6.555 6.555 6.555 6.555 6.555 6.555 6.555 6.555 6.555 6.555 6.555 6.555 6.55501 6.55501 6.55503 6.55506 6.55512 6.55522 6.55542 6.55579 6.55643 6.55755 6.55945 6.56262 6.56781 6.57613 6.58922 6.60944 6.64006 6.68563 6.75222 6.84793 6.98321 7.17155 7.42991 7.77983 8.24828 8.86972 9.68846 10.7635 12.1755 14.0391 16.5221 19.8747 24.4641 30.7864 39.3352 50
50 34.7554 24.754 18.4874 14.446 11.7211 9.80727 8.42074 7.3948 6.62639 6.0478 5.61234 5.28602 5.04345 4.86493 4.7352 4.64218 4.57652 4.53087 4.49969 4.47875 4.46494 4.456 4.45032 4.44678 4.44462 4.44332 4.44256 4.44212 4.44188 4.44174 4.44167 4.44163 4.44161 4.4416 4.44159 4.44159 4.44159 4.44159 4.44159 4.44159 4.44159 4.44159 4.44159 4.44159 4.44159 4.44159 4.44159 4.44159 4.44159 4.44159 4.44159 4.44159 4.44159 4.44159 4.44159 4.44159 4.44159 4.44159 4.44159 4.44159 4.44159 4.44159 4.44159 4.44159 4.44159 4.44159 4.44159 4.44159 4.44159 4.44159 4.44159 4.44159 4.44159 4.44159 4.44159 4.44159 4.44159 4.44159 4.44159 4.44159 4.44159 4.44159 4.44159 4.44159 4.44159 4.44159 4.44159 4.44159 4.44159 4.44159 4.44159 4.44159 4.44159 4.44159 4.44159 4.44159 4.44159 4.44159 4.44159 4.44159 4.44159 4.44159 4.44159 4.44159 4.44159 4.44159 4.44159 4.44159 4.44159 4.44159 4.44159 4.44159 4.44159 4.44159 4.44159 4.44159 4.44159 4.44159 4.44159 4.44159 4.44159 4.44159 4.44159 4.44159 4.44159 4.44159 4.44159 4.44159 4.44159 4.44159 4.44159 4.44159 4.44159 4.44159 4.44159 4.44159 4.44159 4.44159 4.44159 4.44159 4.44159 4.44159 4.44159 4.44159 4.44159 4.44159 4.44159 4.44159 4.44159 4.44159 4.44159 4.44159 4.44159 4.44159 4.44159 4.44159 4.44159 4.44159 4.44159 4.44159 4.44159 4.44159 4.44159 4.44159 4.4416 4.44161 4.44163 4.44167 4.44174 4.44188 4.44212 4.44256 4.44332 4.44462 4.44678 4.45032 4.456 4.46494 4.47875 4.49969 4.53087 4.57652 4.64218 4.7352 4.86493 5.04345 5.28602 5.61234 6.0478 6.62639 7.3948 8.42074 9.80727 11.7211 14.446 18.4874 24.754 34.7554 50
50 24.9373 14.9962 10.2981 7.7149 6.12215 5.05899 4.31138 3.76835 3.36641 3.06622 2.84152 2.67386 2.54957 2.45834 2.39213 2.34475 2.31132 2.28811 2.27227 2.26163 2.25462 2.25009 2.24721 2.24541 2.24432 2.24366 2.24327 2.24305 2.24293 2.24286 2.24282 2.2428 2.24279 2.24279 2.24278 2.24278 2.24278 2.24278 2.24278 2.24278 2.24278 2.24278 2.24278 2.24278 2.24278 2.24278 2.24278 2.24278 2.24278 2.24278 2.24278 2.24278 2.24278 2.24278 2.24278 2.24278 2.24278 2.24278 2.24278 2.24278 2.24278 2.24278 2.24278 2.24278 2.24278 2.24278 2.24278 2.24278 2.24278 2.24278 2.24278 2.24278 2.24278 2.24278 2.24278 2.24278 2.24278 2.24278 2.24278 2.24278 2.24278 2.24278 2.24278 2.24278 2.24278 2.24278 2.24278 2.24278 2.24278 2.24278 2.24278 2.24278 2.24278 2.24278 2.24278 2.24278 2.24278 2.24278 2.24278 2.24278 2.24278 2.24278 2.24278 2.24278 2.24278 2.24278 2.24278 2.24278 2.24278 2.24278 2.24278 2.24278 2.24278 2.24278 2.24278 2.24278 2.24278 2.24278 2.24278 2.24278 2.24278 2.24278 2.24278 2.24278 2.24278 2.24278 2.24278 2.24278 2.24278 2.24278 2.24278 2.24278 2.24278 2.24278 2.24278 2.24278 2.24278 2.24278 2.24278 2.24278 2.24278 2.24278 2.24278 2.24278 2.24278 2.24278 2.24278 2.24278 2.24278 2.24278 2.24278 2.24278 2.24278 2.24278 2.24278 2.24278 2.24278 2.24278 2.24278 2.24278 2.24278 2.24278 2.24278 2.24278 2.24279 2.24279 2.2428 2.24282 2.24286 2.24293 2.24305 2.24327 2.24366 2.24432 2.24541 2.24721 2.25009 2.25462 2.26163 2.27227 2.28811 2.31132 2.34475 2.39213 2.45834 2.54957 2.67386 2.84152 3.06622 3.36641 3.76835 4.31138 5.05899 6.12215 7.7149 10.2981 14.9962 24.9373 50
0 0 0 0 0 0 0 0 0 0 0 0 0 0 0 0 0 0 0 0 0 0 0 0 0 0 0 0 0 0 0 0 0 0 0 0 0 0 0 0 0 0 0 0 0 0 0 0 0 0 0 0 0 0 0 0 0 0 0 0 0 0 0 0 0 0 0 0 0 0 0 0 0 0 0 0 0 0 0 0 0 0 0 0 0 0 0 0 0 0 0 0 0 0 0 0 0 0 0 0 0 0 0 0 0 0 0 0 0 0 0 0 0 0 0 0 0 0 0 0 0 0 0 0 0 0 0 0 0 0 0 0 0 0 0 0 0 0 0 0 0 0 0 0 0 0 0 0 0 0 0 0 0 0 0 0 0 0 0 0 0 0 0 0 0 0 0 0 0 0 0 0 0 0 0 0 0 0 0 0 0 0 0 0 0 0 0 0 0 0 0 0 0 0 0 0 0 0 0 0
